E:\Users\Matt\Documents\IMG\center_2018_04_24_16_01_14_306.jpg,E:\Users\Matt\Documents\IMG\left_2018_04_24_16_01_14_306.jpg,E:\Users\Matt\Documents\IMG\right_2018_04_24_16_01_14_306.jpg,0,0,0,8.366572E-05
E:\Users\Matt\Documents\IMG\center_2018_04_24_16_01_14_387.jpg,E:\Users\Matt\Documents\IMG\left_2018_04_24_16_01_14_387.jpg,E:\Users\Matt\Documents\IMG\right_2018_04_24_16_01_14_387.jpg,0,0,0,0.0001074834
E:\Users\Matt\Documents\IMG\center_2018_04_24_16_01_14_849.jpg,E:\Users\Matt\Documents\IMG\left_2018_04_24_16_01_14_849.jpg,E:\Users\Matt\Documents\IMG\right_2018_04_24_16_01_14_849.jpg,0.0,0.0,0.0,0.00014248262166666667
E:\Users\Matt\Documents\IMG\center_2018_04_24_16_01_15_324.jpg,E:\Users\Matt\Documents\IMG\left_2018_04_24_16_01_15_324.jpg,E:\Users\Matt\Documents\IMG\right_2018_04_24_16_01_15_324.jpg,0.0,0.0,0.0,0.0001033452335
E:\Users\Matt\Documents\IMG\center_2018_04_24_16_01_15_810.jpg,E:\Users\Matt\Documents\IMG\left_2018_04_24_16_01_15_810.jpg,E:\Users\Matt\Documents\IMG\right_2018_04_24_16_01_15_810.jpg,0.0,0.0,0.0,6.7944075e-05
E:\Users\Matt\Documents\IMG\center_2018_04_24_16_01_16_255.jpg,E:\Users\Matt\Documents\IMG\left_2018_04_24_16_01_16_255.jpg,E:\Users\Matt\Documents\IMG\right_2018_04_24_16_01_16_255.jpg,0.0,0.0,0.0,0.00010588980666666665
E:\Users\Matt\Documents\IMG\center_2018_04_24_16_01_16_700.jpg,E:\Users\Matt\Documents\IMG\left_2018_04_24_16_01_16_700.jpg,E:\Users\Matt\Documents\IMG\right_2018_04_24_16_01_16_700.jpg,0.0,0.0,0.0,7.064836183333333e-05
E:\Users\Matt\Documents\IMG\center_2018_04_24_16_01_17_148.jpg,E:\Users\Matt\Documents\IMG\left_2018_04_24_16_01_17_148.jpg,E:\Users\Matt\Documents\IMG\right_2018_04_24_16_01_17_148.jpg,0.0,0.0,0.0,6.36807645e-05
E:\Users\Matt\Documents\IMG\center_2018_04_24_16_01_17_620.jpg,E:\Users\Matt\Documents\IMG\left_2018_04_24_16_01_17_620.jpg,E:\Users\Matt\Documents\IMG\right_2018_04_24_16_01_17_620.jpg,0.0,0.0,0.0,8.77216025e-05
E:\Users\Matt\Documents\IMG\center_2018_04_24_16_01_18_074.jpg,E:\Users\Matt\Documents\IMG\left_2018_04_24_16_01_18_074.jpg,E:\Users\Matt\Documents\IMG\right_2018_04_24_16_01_18_074.jpg,0.0,0.0,0.0,9.483915e-05
E:\Users\Matt\Documents\IMG\center_2018_04_24_16_01_18_526.jpg,E:\Users\Matt\Documents\IMG\left_2018_04_24_16_01_18_526.jpg,E:\Users\Matt\Documents\IMG\right_2018_04_24_16_01_18_526.jpg,0.0,0.0,0.0,0.00010387617066666665
E:\Users\Matt\Documents\IMG\center_2018_04_24_16_01_18_987.jpg,E:\Users\Matt\Documents\IMG\left_2018_04_24_16_01_18_987.jpg,E:\Users\Matt\Documents\IMG\right_2018_04_24_16_01_18_987.jpg,0.0,0.7579675833333334,0.0,1.9385655138916669
E:\Users\Matt\Documents\IMG\center_2018_04_24_16_01_19_446.jpg,E:\Users\Matt\Documents\IMG\left_2018_04_24_16_01_19_446.jpg,E:\Users\Matt\Documents\IMG\right_2018_04_24_16_01_19_446.jpg,0.0,1.0,0.0,8.058085833333335
E:\Users\Matt\Documents\IMG\center_2018_04_24_16_01_19_941.jpg,E:\Users\Matt\Documents\IMG\left_2018_04_24_16_01_19_941.jpg,E:\Users\Matt\Documents\IMG\right_2018_04_24_16_01_19_941.jpg,0.0,1.0,0.0,13.124121666666667
E:\Users\Matt\Documents\IMG\center_2018_04_24_16_01_20_406.jpg,E:\Users\Matt\Documents\IMG\left_2018_04_24_16_01_20_406.jpg,E:\Users\Matt\Documents\IMG\right_2018_04_24_16_01_20_406.jpg,0.0,1.0,0.0,19.73846
E:\Users\Matt\Documents\IMG\center_2018_04_24_16_01_20_847.jpg,E:\Users\Matt\Documents\IMG\left_2018_04_24_16_01_20_847.jpg,E:\Users\Matt\Documents\IMG\right_2018_04_24_16_01_20_847.jpg,0.0,1.0,0.0,28.994511666666668
E:\Users\Matt\Documents\IMG\center_2018_04_24_16_01_21_287.jpg,E:\Users\Matt\Documents\IMG\left_2018_04_24_16_01_21_287.jpg,E:\Users\Matt\Documents\IMG\right_2018_04_24_16_01_21_287.jpg,0.035797,1.0,0.0,38.04388666666667
E:\Users\Matt\Documents\IMG\center_2018_04_24_16_01_21_727.jpg,E:\Users\Matt\Documents\IMG\left_2018_04_24_16_01_21_727.jpg,E:\Users\Matt\Documents\IMG\right_2018_04_24_16_01_21_727.jpg,0.038396683333333334,0.3333333333333333,0.0,41.835980000000006
E:\Users\Matt\Documents\IMG\center_2018_04_24_16_01_22_142.jpg,E:\Users\Matt\Documents\IMG\left_2018_04_24_16_01_22_142.jpg,E:\Users\Matt\Documents\IMG\right_2018_04_24_16_01_22_142.jpg,0.05937000166666667,0.83314495,0.0,43.831865
E:\Users\Matt\Documents\IMG\center_2018_04_24_16_01_22_574.jpg,E:\Users\Matt\Documents\IMG\left_2018_04_24_16_01_22_574.jpg,E:\Users\Matt\Documents\IMG\right_2018_04_24_16_01_22_574.jpg,0.0,0.0,0.64346415,36.907878333333336
E:\Users\Matt\Documents\IMG\center_2018_04_24_16_01_23_003.jpg,E:\Users\Matt\Documents\IMG\left_2018_04_24_16_01_23_003.jpg,E:\Users\Matt\Documents\IMG\right_2018_04_24_16_01_23_003.jpg,0.7197384000000001,0.0,0.49567363333333336,26.600661666666667
E:\Users\Matt\Documents\IMG\center_2018_04_24_16_01_23_441.jpg,E:\Users\Matt\Documents\IMG\left_2018_04_24_16_01_23_441.jpg,E:\Users\Matt\Documents\IMG\right_2018_04_24_16_01_23_441.jpg,0.0,0.0,0.0,16.715306666666667
E:\Users\Matt\Documents\IMG\center_2018_04_24_16_01_23_898.jpg,E:\Users\Matt\Documents\IMG\left_2018_04_24_16_01_23_898.jpg,E:\Users\Matt\Documents\IMG\right_2018_04_24_16_01_23_898.jpg,-0.22957009999999997,0.9711460000000001,0.0,15.502191666666667
E:\Users\Matt\Documents\IMG\center_2018_04_24_16_01_24_323.jpg,E:\Users\Matt\Documents\IMG\left_2018_04_24_16_01_24_323.jpg,E:\Users\Matt\Documents\IMG\right_2018_04_24_16_01_24_323.jpg,0.1851200401666667,0.9628822500000002,0.0,19.004591666666666
E:\Users\Matt\Documents\IMG\center_2018_04_24_16_01_24_770.jpg,E:\Users\Matt\Documents\IMG\left_2018_04_24_16_01_24_770.jpg,E:\Users\Matt\Documents\IMG\right_2018_04_24_16_01_24_770.jpg,0.17119004999999998,0.9419152333333334,0.0,23.78518
E:\Users\Matt\Documents\IMG\center_2018_04_24_16_01_25_213.jpg,E:\Users\Matt\Documents\IMG\left_2018_04_24_16_01_25_213.jpg,E:\Users\Matt\Documents\IMG\right_2018_04_24_16_01_25_213.jpg,0.07344612166666666,0.9411554333333333,0.0,25.641485
E:\Users\Matt\Documents\IMG\center_2018_04_24_16_01_25_647.jpg,E:\Users\Matt\Documents\IMG\left_2018_04_24_16_01_25_647.jpg,E:\Users\Matt\Documents\IMG\right_2018_04_24_16_01_25_647.jpg,0.35446158333333333,0.8652747833333333,0.0,29.68766666666667
E:\Users\Matt\Documents\IMG\center_2018_04_24_16_01_26_080.jpg,E:\Users\Matt\Documents\IMG\left_2018_04_24_16_01_26_080.jpg,E:\Users\Matt\Documents\IMG\right_2018_04_24_16_01_26_080.jpg,0.3373962833333333,0.97147255,0.0,36.799731666666666
E:\Users\Matt\Documents\IMG\center_2018_04_24_16_01_26_524.jpg,E:\Users\Matt\Documents\IMG\left_2018_04_24_16_01_26_524.jpg,E:\Users\Matt\Documents\IMG\right_2018_04_24_16_01_26_524.jpg,0.04440611666666667,0.9818398833333334,0.0,44.90366
E:\Users\Matt\Documents\IMG\center_2018_04_24_16_01_26_983.jpg,E:\Users\Matt\Documents\IMG\left_2018_04_24_16_01_26_983.jpg,E:\Users\Matt\Documents\IMG\right_2018_04_24_16_01_26_983.jpg,0.08358976666666666,0.09022085,0.3333333333333333,48.49605666666667
E:\Users\Matt\Documents\IMG\center_2018_04_24_16_01_27_461.jpg,E:\Users\Matt\Documents\IMG\left_2018_04_24_16_01_27_461.jpg,E:\Users\Matt\Documents\IMG\right_2018_04_24_16_01_27_461.jpg,0.12455271666666667,0.5,0.0,45.56261666666666
E:\Users\Matt\Documents\IMG\center_2018_04_24_16_01_27_941.jpg,E:\Users\Matt\Documents\IMG\left_2018_04_24_16_01_27_941.jpg,E:\Users\Matt\Documents\IMG\right_2018_04_24_16_01_27_941.jpg,0.09900373333333334,0.6513699666666667,0.0,50.059808333333336
E:\Users\Matt\Documents\IMG\center_2018_04_24_16_01_28_406.jpg,E:\Users\Matt\Documents\IMG\left_2018_04_24_16_01_28_406.jpg,E:\Users\Matt\Documents\IMG\right_2018_04_24_16_01_28_406.jpg,0.09467296666666668,0.6486447000000001,0.0,54.65652166666666
E:\Users\Matt\Documents\IMG\center_2018_04_24_16_01_28_858.jpg,E:\Users\Matt\Documents\IMG\left_2018_04_24_16_01_28_858.jpg,E:\Users\Matt\Documents\IMG\right_2018_04_24_16_01_28_858.jpg,0.15647308333333335,0.0,0.6636818999999999,49.579755
E:\Users\Matt\Documents\IMG\center_2018_04_24_16_01_29_322.jpg,E:\Users\Matt\Documents\IMG\left_2018_04_24_16_01_29_322.jpg,E:\Users\Matt\Documents\IMG\right_2018_04_24_16_01_29_322.jpg,0.7178482833333334,0.0,0.3444732,37.3491
E:\Users\Matt\Documents\IMG\center_2018_04_24_16_01_29_824.jpg,E:\Users\Matt\Documents\IMG\left_2018_04_24_16_01_29_824.jpg,E:\Users\Matt\Documents\IMG\right_2018_04_24_16_01_29_824.jpg,0.7718744993333333,0.27281435,0.0,31.302153333333333
E:\Users\Matt\Documents\IMG\center_2018_04_24_16_01_30_320.jpg,E:\Users\Matt\Documents\IMG\left_2018_04_24_16_01_30_320.jpg,E:\Users\Matt\Documents\IMG\right_2018_04_24_16_01_30_320.jpg,-0.03274112333333333,0.8333333333333334,0.0,34.69873833333333
E:\Users\Matt\Documents\IMG\center_2018_04_24_16_01_30_845.jpg,E:\Users\Matt\Documents\IMG\left_2018_04_24_16_01_30_845.jpg,E:\Users\Matt\Documents\IMG\right_2018_04_24_16_01_30_845.jpg,0.39584101666666677,0.2766677166666667,0.24224811666666665,36.58629
E:\Users\Matt\Documents\IMG\center_2018_04_24_16_01_31_308.jpg,E:\Users\Matt\Documents\IMG\left_2018_04_24_16_01_31_308.jpg,E:\Users\Matt\Documents\IMG\right_2018_04_24_16_01_31_308.jpg,0.6666666666666666,0.006283673333333333,0.0,29.11154
E:\Users\Matt\Documents\IMG\center_2018_04_24_16_01_31_800.jpg,E:\Users\Matt\Documents\IMG\left_2018_04_24_16_01_31_800.jpg,E:\Users\Matt\Documents\IMG\right_2018_04_24_16_01_31_800.jpg,0.33606912000000005,0.571512395,0.0,28.39200166666667
E:\Users\Matt\Documents\IMG\center_2018_04_24_16_01_32_285.jpg,E:\Users\Matt\Documents\IMG\left_2018_04_24_16_01_32_285.jpg,E:\Users\Matt\Documents\IMG\right_2018_04_24_16_01_32_285.jpg,0.12790168333333332,0.2204208,0.0,29.549301666666665
E:\Users\Matt\Documents\IMG\center_2018_04_24_16_01_32_730.jpg,E:\Users\Matt\Documents\IMG\left_2018_04_24_16_01_32_730.jpg,E:\Users\Matt\Documents\IMG\right_2018_04_24_16_01_32_730.jpg,0.10336998333333335,0.13296918333333332,0.0,31.31986666666667
E:\Users\Matt\Documents\IMG\center_2018_04_24_16_01_33_192.jpg,E:\Users\Matt\Documents\IMG\left_2018_04_24_16_01_33_192.jpg,E:\Users\Matt\Documents\IMG\right_2018_04_24_16_01_33_192.jpg,0.8333333333333334,0.0,0.0,29.15863166666667
E:\Users\Matt\Documents\IMG\center_2018_04_24_16_01_33_647.jpg,E:\Users\Matt\Documents\IMG\left_2018_04_24_16_01_33_647.jpg,E:\Users\Matt\Documents\IMG\right_2018_04_24_16_01_33_647.jpg,0.0,0.6666666666666666,0.0,29.275143333333336
E:\Users\Matt\Documents\IMG\center_2018_04_24_16_01_34_089.jpg,E:\Users\Matt\Documents\IMG\left_2018_04_24_16_01_34_089.jpg,E:\Users\Matt\Documents\IMG\right_2018_04_24_16_01_34_089.jpg,-0.2317698,0.5116212,0.0,36.42361833333333
E:\Users\Matt\Documents\IMG\center_2018_04_24_16_01_34_583.jpg,E:\Users\Matt\Documents\IMG\left_2018_04_24_16_01_34_583.jpg,E:\Users\Matt\Documents\IMG\right_2018_04_24_16_01_34_583.jpg,-0.9003139999999998,0.0,0.2883581333333333,31.428410000000003
E:\Users\Matt\Documents\IMG\center_2018_04_24_16_01_35_094.jpg,E:\Users\Matt\Documents\IMG\left_2018_04_24_16_01_35_094.jpg,E:\Users\Matt\Documents\IMG\right_2018_04_24_16_01_35_094.jpg,-0.9749513333333333,0.014371581666666668,0.18726131833333334,21.630383333333338
E:\Users\Matt\Documents\IMG\center_2018_04_24_16_01_35_623.jpg,E:\Users\Matt\Documents\IMG\left_2018_04_24_16_01_35_623.jpg,E:\Users\Matt\Documents\IMG\right_2018_04_24_16_01_35_623.jpg,-0.48399390000000003,0.6719122166666667,0.0,21.108201666666666
E:\Users\Matt\Documents\IMG\center_2018_04_24_16_01_36_096.jpg,E:\Users\Matt\Documents\IMG\left_2018_04_24_16_01_36_096.jpg,E:\Users\Matt\Documents\IMG\right_2018_04_24_16_01_36_096.jpg,-0.19150825500000002,0.96221035,0.0,30.041426666666666
E:\Users\Matt\Documents\IMG\center_2018_04_24_16_01_36_598.jpg,E:\Users\Matt\Documents\IMG\left_2018_04_24_16_01_36_598.jpg,E:\Users\Matt\Documents\IMG\right_2018_04_24_16_01_36_598.jpg,0.0,0.8333333333333334,0.13678284999999998,39.54680666666666
E:\Users\Matt\Documents\IMG\center_2018_04_24_16_01_37_102.jpg,E:\Users\Matt\Documents\IMG\left_2018_04_24_16_01_37_102.jpg,E:\Users\Matt\Documents\IMG\right_2018_04_24_16_01_37_102.jpg,-0.3092956666666667,0.0,0.7147713666666666,36.85225166666667
E:\Users\Matt\Documents\IMG\center_2018_04_24_16_01_37_579.jpg,E:\Users\Matt\Documents\IMG\left_2018_04_24_16_01_37_579.jpg,E:\Users\Matt\Documents\IMG\right_2018_04_24_16_01_37_579.jpg,-0.8142061666666667,0.06621253333333334,0.0,29.634865
E:\Users\Matt\Documents\IMG\center_2018_04_24_16_01_38_050.jpg,E:\Users\Matt\Documents\IMG\left_2018_04_24_16_01_38_050.jpg,E:\Users\Matt\Documents\IMG\right_2018_04_24_16_01_38_050.jpg,-0.18439789333333334,0.7784678883333335,0.0,32.188105
E:\Users\Matt\Documents\IMG\center_2018_04_24_16_01_38_537.jpg,E:\Users\Matt\Documents\IMG\left_2018_04_24_16_01_38_537.jpg,E:\Users\Matt\Documents\IMG\right_2018_04_24_16_01_38_537.jpg,-0.38779484999999997,0.5075751833333334,0.0,37.756795000000004
E:\Users\Matt\Documents\IMG\center_2018_04_24_16_01_39_015.jpg,E:\Users\Matt\Documents\IMG\left_2018_04_24_16_01_39_015.jpg,E:\Users\Matt\Documents\IMG\right_2018_04_24_16_01_39_015.jpg,-0.10927076000000001,0.8333333333333334,0.0,42.81913
E:\Users\Matt\Documents\IMG\center_2018_04_24_16_01_39_476.jpg,E:\Users\Matt\Documents\IMG\left_2018_04_24_16_01_39_476.jpg,E:\Users\Matt\Documents\IMG\right_2018_04_24_16_01_39_476.jpg,0.021950866666666666,0.16666666666666666,0.80382,45.42983166666667
E:\Users\Matt\Documents\IMG\center_2018_04_24_16_01_39_916.jpg,E:\Users\Matt\Documents\IMG\left_2018_04_24_16_01_39_916.jpg,E:\Users\Matt\Documents\IMG\right_2018_04_24_16_01_39_916.jpg,0.6207326166666667,0.0,0.482928415,36.297421666666665
E:\Users\Matt\Documents\IMG\center_2018_04_24_16_01_40_378.jpg,E:\Users\Matt\Documents\IMG\left_2018_04_24_16_01_40_378.jpg,E:\Users\Matt\Documents\IMG\right_2018_04_24_16_01_40_378.jpg,0.55664065,0.7085044833333334,0.0,33.70189833333333
E:\Users\Matt\Documents\IMG\center_2018_04_24_16_01_40_859.jpg,E:\Users\Matt\Documents\IMG\left_2018_04_24_16_01_40_859.jpg,E:\Users\Matt\Documents\IMG\right_2018_04_24_16_01_40_859.jpg,0.5074307666666668,0.5614401666666665,0.16666666666666666,40.78374
E:\Users\Matt\Documents\IMG\center_2018_04_24_16_01_41_363.jpg,E:\Users\Matt\Documents\IMG\left_2018_04_24_16_01_41_363.jpg,E:\Users\Matt\Documents\IMG\right_2018_04_24_16_01_41_363.jpg,-0.40451069999999995,0.2494631833333333,0.4754913666666667,36.133858333333336
E:\Users\Matt\Documents\IMG\center_2018_04_24_16_01_41_825.jpg,E:\Users\Matt\Documents\IMG\left_2018_04_24_16_01_41_825.jpg,E:\Users\Matt\Documents\IMG\right_2018_04_24_16_01_41_825.jpg,-0.10024706666666668,0.0,0.6750916333333333,32.43982333333333
E:\Users\Matt\Documents\IMG\center_2018_04_24_16_01_42_316.jpg,E:\Users\Matt\Documents\IMG\left_2018_04_24_16_01_42_316.jpg,E:\Users\Matt\Documents\IMG\right_2018_04_24_16_01_42_316.jpg,-0.42652435,0.40551336666666665,0.11310938333333333,26.264939999999996
E:\Users\Matt\Documents\IMG\center_2018_04_24_16_01_42_782.jpg,E:\Users\Matt\Documents\IMG\left_2018_04_24_16_01_42_782.jpg,E:\Users\Matt\Documents\IMG\right_2018_04_24_16_01_42_782.jpg,-0.4208038,0.57997705,0.0,31.273983333333337
E:\Users\Matt\Documents\IMG\center_2018_04_24_16_01_43_251.jpg,E:\Users\Matt\Documents\IMG\left_2018_04_24_16_01_43_251.jpg,E:\Users\Matt\Documents\IMG\right_2018_04_24_16_01_43_251.jpg,-0.30604716666666665,0.2771032166666667,0.0,34.82868
E:\Users\Matt\Documents\IMG\center_2018_04_24_16_01_43_680.jpg,E:\Users\Matt\Documents\IMG\left_2018_04_24_16_01_43_680.jpg,E:\Users\Matt\Documents\IMG\right_2018_04_24_16_01_43_680.jpg,-0.2868258166666667,0.18550718333333335,0.0,37.48676833333334
E:\Users\Matt\Documents\IMG\center_2018_04_24_16_01_44_137.jpg,E:\Users\Matt\Documents\IMG\left_2018_04_24_16_01_44_137.jpg,E:\Users\Matt\Documents\IMG\right_2018_04_24_16_01_44_137.jpg,-0.08719635833333332,0.3640063333333334,0.0,39.289155
E:\Users\Matt\Documents\IMG\center_2018_04_24_16_01_44_596.jpg,E:\Users\Matt\Documents\IMG\left_2018_04_24_16_01_44_596.jpg,E:\Users\Matt\Documents\IMG\right_2018_04_24_16_01_44_596.jpg,0.15222837333333336,0.0,0.8639435166666667,38.76835333333334
E:\Users\Matt\Documents\IMG\center_2018_04_24_16_01_45_029.jpg,E:\Users\Matt\Documents\IMG\left_2018_04_24_16_01_45_029.jpg,E:\Users\Matt\Documents\IMG\right_2018_04_24_16_01_45_029.jpg,0.2155249,0.0,0.3333333333333333,34.724320000000006
E:\Users\Matt\Documents\IMG\center_2018_04_24_16_01_45_466.jpg,E:\Users\Matt\Documents\IMG\left_2018_04_24_16_01_45_466.jpg,E:\Users\Matt\Documents\IMG\right_2018_04_24_16_01_45_466.jpg,0.5,0.0,0.0,33.01251333333333
E:\Users\Matt\Documents\IMG\center_2018_04_24_16_01_45_894.jpg,E:\Users\Matt\Documents\IMG\left_2018_04_24_16_01_45_894.jpg,E:\Users\Matt\Documents\IMG\right_2018_04_24_16_01_45_894.jpg,0.4399686166666667,0.0,0.0,32.07781666666667
E:\Users\Matt\Documents\IMG\center_2018_04_24_16_01_46_375.jpg,E:\Users\Matt\Documents\IMG\left_2018_04_24_16_01_46_375.jpg,E:\Users\Matt\Documents\IMG\right_2018_04_24_16_01_46_375.jpg,0.6666666666666666,0.0,0.0,29.95439
E:\Users\Matt\Documents\IMG\center_2018_04_24_16_01_46_847.jpg,E:\Users\Matt\Documents\IMG\left_2018_04_24_16_01_46_847.jpg,E:\Users\Matt\Documents\IMG\right_2018_04_24_16_01_46_847.jpg,-0.07602918033333335,0.5,0.0567306,29.307228333333338
E:\Users\Matt\Documents\IMG\center_2018_04_24_16_01_47_278.jpg,E:\Users\Matt\Documents\IMG\left_2018_04_24_16_01_47_278.jpg,E:\Users\Matt\Documents\IMG\right_2018_04_24_16_01_47_278.jpg,-0.3078576866666667,0.6251784666666667,0.0,34.532008333333344
E:\Users\Matt\Documents\IMG\center_2018_04_24_16_01_47_763.jpg,E:\Users\Matt\Documents\IMG\left_2018_04_24_16_01_47_763.jpg,E:\Users\Matt\Documents\IMG\right_2018_04_24_16_01_47_763.jpg,-0.5174067083333332,0.0,0.6157677666666667,33.324075
E:\Users\Matt\Documents\IMG\center_2018_04_24_16_01_48_239.jpg,E:\Users\Matt\Documents\IMG\left_2018_04_24_16_01_48_239.jpg,E:\Users\Matt\Documents\IMG\right_2018_04_24_16_01_48_239.jpg,-0.15258188333333333,0.0,0.027219300000000002,7.640482333333334
E:\Users\Matt\Documents\IMG\center_2018_04_24_16_01_48_703.jpg,E:\Users\Matt\Documents\IMG\left_2018_04_24_16_01_48_703.jpg,E:\Users\Matt\Documents\IMG\right_2018_04_24_16_01_48_703.jpg,0.002629043333333333,0.0,1.0,1.7464867166666667
E:\Users\Matt\Documents\IMG\center_2018_04_24_16_01_49_197.jpg,E:\Users\Matt\Documents\IMG\left_2018_04_24_16_01_49_197.jpg,E:\Users\Matt\Documents\IMG\right_2018_04_24_16_01_49_197.jpg,0.8631334666666666,0.0,0.5404648166666667,2.508836666666667
E:\Users\Matt\Documents\IMG\center_2018_04_24_16_01_49_634.jpg,E:\Users\Matt\Documents\IMG\left_2018_04_24_16_01_49_634.jpg,E:\Users\Matt\Documents\IMG\right_2018_04_24_16_01_49_634.jpg,0.9697331333333333,0.0,0.3566469666666667,3.6982215000000003
E:\Users\Matt\Documents\IMG\center_2018_04_24_16_01_50_073.jpg,E:\Users\Matt\Documents\IMG\left_2018_04_24_16_01_50_073.jpg,E:\Users\Matt\Documents\IMG\right_2018_04_24_16_01_50_073.jpg,0.9817896166666666,0.0,0.2699029,4.313398
E:\Users\Matt\Documents\IMG\center_2018_04_24_16_01_50_503.jpg,E:\Users\Matt\Documents\IMG\left_2018_04_24_16_01_50_503.jpg,E:\Users\Matt\Documents\IMG\right_2018_04_24_16_01_50_503.jpg,1.0,0.0,0.12705210000000003,4.280961666666667
E:\Users\Matt\Documents\IMG\center_2018_04_24_16_01_50_982.jpg,E:\Users\Matt\Documents\IMG\left_2018_04_24_16_01_50_982.jpg,E:\Users\Matt\Documents\IMG\right_2018_04_24_16_01_50_982.jpg,0.42679219333333335,0.56240295,0.013008946666666667,2.470426583333333
E:\Users\Matt\Documents\IMG\center_2018_04_24_16_01_51_463.jpg,E:\Users\Matt\Documents\IMG\left_2018_04_24_16_01_51_463.jpg,E:\Users\Matt\Documents\IMG\right_2018_04_24_16_01_51_463.jpg,-0.72965785,0.7030644666666667,0.0,4.485424666666666
E:\Users\Matt\Documents\IMG\center_2018_04_24_16_01_51_972.jpg,E:\Users\Matt\Documents\IMG\left_2018_04_24_16_01_51_972.jpg,E:\Users\Matt\Documents\IMG\right_2018_04_24_16_01_51_972.jpg,-0.4442512,0.16182741666666667,0.0,9.961467333333333
E:\Users\Matt\Documents\IMG\center_2018_04_24_16_01_52_474.jpg,E:\Users\Matt\Documents\IMG\left_2018_04_24_16_01_52_474.jpg,E:\Users\Matt\Documents\IMG\right_2018_04_24_16_01_52_474.jpg,-0.4109221516666666,0.7341539499999999,0.0,14.376964999999998
E:\Users\Matt\Documents\IMG\center_2018_04_24_16_01_52_908.jpg,E:\Users\Matt\Documents\IMG\left_2018_04_24_16_01_52_908.jpg,E:\Users\Matt\Documents\IMG\right_2018_04_24_16_01_52_908.jpg,0.00229419,0.5085819433333333,0.0,19.741895000000003
E:\Users\Matt\Documents\IMG\center_2018_04_24_16_01_53_338.jpg,E:\Users\Matt\Documents\IMG\left_2018_04_24_16_01_53_338.jpg,E:\Users\Matt\Documents\IMG\right_2018_04_24_16_01_53_338.jpg,-0.017237045,1.0,0.0,28.463333333333335
E:\Users\Matt\Documents\IMG\center_2018_04_24_16_01_53_794.jpg,E:\Users\Matt\Documents\IMG\left_2018_04_24_16_01_53_794.jpg,E:\Users\Matt\Documents\IMG\right_2018_04_24_16_01_53_794.jpg,-0.23004718333333332,0.34612248333333334,0.0,35.28949166666667
E:\Users\Matt\Documents\IMG\center_2018_04_24_16_01_54_220.jpg,E:\Users\Matt\Documents\IMG\left_2018_04_24_16_01_54_220.jpg,E:\Users\Matt\Documents\IMG\right_2018_04_24_16_01_54_220.jpg,0.14313355,0.483941455,0.0,37.52516666666667
E:\Users\Matt\Documents\IMG\center_2018_04_24_16_01_54_678.jpg,E:\Users\Matt\Documents\IMG\left_2018_04_24_16_01_54_678.jpg,E:\Users\Matt\Documents\IMG\right_2018_04_24_16_01_54_678.jpg,-0.16243431666666666,0.3333333333333333,0.0018817900000000002,32.90967166666667
E:\Users\Matt\Documents\IMG\center_2018_04_24_16_01_55_158.jpg,E:\Users\Matt\Documents\IMG\left_2018_04_24_16_01_55_158.jpg,E:\Users\Matt\Documents\IMG\right_2018_04_24_16_01_55_158.jpg,0.42869075000000006,0.06401676666666667,0.0,5.315344
E:\Users\Matt\Documents\IMG\center_2018_04_24_16_01_55_593.jpg,E:\Users\Matt\Documents\IMG\left_2018_04_24_16_01_55_593.jpg,E:\Users\Matt\Documents\IMG\right_2018_04_24_16_01_55_593.jpg,0.13203354583333335,0.9725588833333333,0.0,4.842827833333334
E:\Users\Matt\Documents\IMG\center_2018_04_24_16_01_56_015.jpg,E:\Users\Matt\Documents\IMG\left_2018_04_24_16_01_56_015.jpg,E:\Users\Matt\Documents\IMG\right_2018_04_24_16_01_56_015.jpg,0.17393197000000002,0.9798555666666666,0.0,7.6474433333333325
E:\Users\Matt\Documents\IMG\center_2018_04_24_16_01_56_453.jpg,E:\Users\Matt\Documents\IMG\left_2018_04_24_16_01_56_453.jpg,E:\Users\Matt\Documents\IMG\right_2018_04_24_16_01_56_453.jpg,0.5586751666666666,0.8600062999999999,0.0,10.372757333333334
E:\Users\Matt\Documents\IMG\center_2018_04_24_16_01_56_918.jpg,E:\Users\Matt\Documents\IMG\left_2018_04_24_16_01_56_918.jpg,E:\Users\Matt\Documents\IMG\right_2018_04_24_16_01_56_918.jpg,0.13002836666666664,0.9676546500000001,0.0,14.271003333333333
E:\Users\Matt\Documents\IMG\center_2018_04_24_16_01_57_369.jpg,E:\Users\Matt\Documents\IMG\left_2018_04_24_16_01_57_369.jpg,E:\Users\Matt\Documents\IMG\right_2018_04_24_16_01_57_369.jpg,0.37306756666666674,0.8104678833333333,0.0,16.96631
E:\Users\Matt\Documents\IMG\center_2018_04_24_16_01_57_804.jpg,E:\Users\Matt\Documents\IMG\left_2018_04_24_16_01_57_804.jpg,E:\Users\Matt\Documents\IMG\right_2018_04_24_16_01_57_804.jpg,-0.17941407499999998,0.9914034666666667,0.0,19.428375
E:\Users\Matt\Documents\IMG\center_2018_04_24_16_01_58_293.jpg,E:\Users\Matt\Documents\IMG\left_2018_04_24_16_01_58_293.jpg,E:\Users\Matt\Documents\IMG\right_2018_04_24_16_01_58_293.jpg,-0.32482062666666667,0.6771136166666666,0.0,20.881643333333333
E:\Users\Matt\Documents\IMG\center_2018_04_24_16_01_58_784.jpg,E:\Users\Matt\Documents\IMG\left_2018_04_24_16_01_58_784.jpg,E:\Users\Matt\Documents\IMG\right_2018_04_24_16_01_58_784.jpg,-0.5296223000000001,0.6074621499999999,0.0,21.52453
E:\Users\Matt\Documents\IMG\center_2018_04_24_16_01_59_251.jpg,E:\Users\Matt\Documents\IMG\left_2018_04_24_16_01_59_251.jpg,E:\Users\Matt\Documents\IMG\right_2018_04_24_16_01_59_251.jpg,-0.14394986666666668,0.9786624833333333,0.0,19.886098333333333
E:\Users\Matt\Documents\IMG\center_2018_04_24_16_01_59_682.jpg,E:\Users\Matt\Documents\IMG\left_2018_04_24_16_01_59_682.jpg,E:\Users\Matt\Documents\IMG\right_2018_04_24_16_01_59_682.jpg,-0.11536385133333332,0.9998116166666667,0.0,21.269188333333336
E:\Users\Matt\Documents\IMG\center_2018_04_24_16_02_00_129.jpg,E:\Users\Matt\Documents\IMG\left_2018_04_24_16_02_00_129.jpg,E:\Users\Matt\Documents\IMG\right_2018_04_24_16_02_00_129.jpg,0.0,0.6666666666666666,0.0,24.603546666666663
E:\Users\Matt\Documents\IMG\center_2018_04_24_16_02_00_576.jpg,E:\Users\Matt\Documents\IMG\left_2018_04_24_16_02_00_576.jpg,E:\Users\Matt\Documents\IMG\right_2018_04_24_16_02_00_576.jpg,0.7903694333333333,0.40403785,0.0,25.095513333333333
E:\Users\Matt\Documents\IMG\center_2018_04_24_16_02_01_055.jpg,E:\Users\Matt\Documents\IMG\left_2018_04_24_16_02_01_055.jpg,E:\Users\Matt\Documents\IMG\right_2018_04_24_16_02_01_055.jpg,0.9322449333333332,0.30469094999999996,0.0,24.932035000000003
E:\Users\Matt\Documents\IMG\center_2018_04_24_16_02_01_569.jpg,E:\Users\Matt\Documents\IMG\left_2018_04_24_16_02_01_569.jpg,E:\Users\Matt\Documents\IMG\right_2018_04_24_16_02_01_569.jpg,0.14241157333333332,0.9925588833333333,0.0,30.82044833333333
E:\Users\Matt\Documents\IMG\center_2018_04_24_16_02_02_019.jpg,E:\Users\Matt\Documents\IMG\left_2018_04_24_16_02_02_019.jpg,E:\Users\Matt\Documents\IMG\right_2018_04_24_16_02_02_019.jpg,0.56895665,0.5688247833333334,0.0,35.912486666666666
E:\Users\Matt\Documents\IMG\center_2018_04_24_16_02_02_481.jpg,E:\Users\Matt\Documents\IMG\left_2018_04_24_16_02_02_481.jpg,E:\Users\Matt\Documents\IMG\right_2018_04_24_16_02_02_481.jpg,0.6666666666666666,0.018775661666666665,0.0,34.548915
E:\Users\Matt\Documents\IMG\center_2018_04_24_16_02_02_937.jpg,E:\Users\Matt\Documents\IMG\left_2018_04_24_16_02_02_937.jpg,E:\Users\Matt\Documents\IMG\right_2018_04_24_16_02_02_937.jpg,0.6393197333333333,0.14550513333333334,0.0,31.381606666666666
E:\Users\Matt\Documents\IMG\center_2018_04_24_16_02_03_374.jpg,E:\Users\Matt\Documents\IMG\left_2018_04_24_16_02_03_374.jpg,E:\Users\Matt\Documents\IMG\right_2018_04_24_16_02_03_374.jpg,0.52585665,0.222340295,0.0,31.318299999999997
E:\Users\Matt\Documents\IMG\center_2018_04_24_16_02_03_850.jpg,E:\Users\Matt\Documents\IMG\left_2018_04_24_16_02_03_850.jpg,E:\Users\Matt\Documents\IMG\right_2018_04_24_16_02_03_850.jpg,0.08588803333333334,0.4773061333333333,0.0,31.816766666666666
E:\Users\Matt\Documents\IMG\center_2018_04_24_16_02_04_350.jpg,E:\Users\Matt\Documents\IMG\left_2018_04_24_16_02_04_350.jpg,E:\Users\Matt\Documents\IMG\right_2018_04_24_16_02_04_350.jpg,0.4417519666666667,0.40022405,0.0,35.70731166666667
E:\Users\Matt\Documents\IMG\center_2018_04_24_16_02_04_807.jpg,E:\Users\Matt\Documents\IMG\left_2018_04_24_16_02_04_807.jpg,E:\Users\Matt\Documents\IMG\right_2018_04_24_16_02_04_807.jpg,0.24368200133333331,0.9679748833333331,0.0,41.849470000000004
E:\Users\Matt\Documents\IMG\center_2018_04_24_16_02_05_279.jpg,E:\Users\Matt\Documents\IMG\left_2018_04_24_16_02_05_279.jpg,E:\Users\Matt\Documents\IMG\right_2018_04_24_16_02_05_279.jpg,0.0009271566666666705,0.6111356,0.0,47.249865
E:\Users\Matt\Documents\IMG\center_2018_04_24_16_02_05_741.jpg,E:\Users\Matt\Documents\IMG\left_2018_04_24_16_02_05_741.jpg,E:\Users\Matt\Documents\IMG\right_2018_04_24_16_02_05_741.jpg,-0.28603459999999997,0.5454045333333334,0.0,53.619855
E:\Users\Matt\Documents\IMG\center_2018_04_24_16_02_06_189.jpg,E:\Users\Matt\Documents\IMG\left_2018_04_24_16_02_06_189.jpg,E:\Users\Matt\Documents\IMG\right_2018_04_24_16_02_06_189.jpg,0.0,0.0,0.6666666666666666,50.88665500000001
E:\Users\Matt\Documents\IMG\center_2018_04_24_16_02_06_642.jpg,E:\Users\Matt\Documents\IMG\left_2018_04_24_16_02_06_642.jpg,E:\Users\Matt\Documents\IMG\right_2018_04_24_16_02_06_642.jpg,0.29466458333333334,0.0,0.44169969000000003,42.265436666666666
E:\Users\Matt\Documents\IMG\center_2018_04_24_16_02_07_097.jpg,E:\Users\Matt\Documents\IMG\left_2018_04_24_16_02_07_097.jpg,E:\Users\Matt\Documents\IMG\right_2018_04_24_16_02_07_097.jpg,0.5,0.058258533333333334,0.09247108333333333,33.981986666666664
E:\Users\Matt\Documents\IMG\center_2018_04_24_16_02_07_566.jpg,E:\Users\Matt\Documents\IMG\left_2018_04_24_16_02_07_566.jpg,E:\Users\Matt\Documents\IMG\right_2018_04_24_16_02_07_566.jpg,0.0,0.5706290333333334,0.0,33.54711666666667
E:\Users\Matt\Documents\IMG\center_2018_04_24_16_02_08_003.jpg,E:\Users\Matt\Documents\IMG\left_2018_04_24_16_02_08_003.jpg,E:\Users\Matt\Documents\IMG\right_2018_04_24_16_02_08_003.jpg,-0.23427528333333333,0.3333333333333333,0.0,39.850935
E:\Users\Matt\Documents\IMG\center_2018_04_24_16_02_08_466.jpg,E:\Users\Matt\Documents\IMG\left_2018_04_24_16_02_08_466.jpg,E:\Users\Matt\Documents\IMG\right_2018_04_24_16_02_08_466.jpg,-0.5,0.0,0.0,39.96145833333333
E:\Users\Matt\Documents\IMG\center_2018_04_24_16_02_08_967.jpg,E:\Users\Matt\Documents\IMG\left_2018_04_24_16_02_08_967.jpg,E:\Users\Matt\Documents\IMG\right_2018_04_24_16_02_08_967.jpg,-0.3902397616666667,0.5,0.26570385,40.79313
E:\Users\Matt\Documents\IMG\center_2018_04_24_16_02_09_407.jpg,E:\Users\Matt\Documents\IMG\left_2018_04_24_16_02_09_407.jpg,E:\Users\Matt\Documents\IMG\right_2018_04_24_16_02_09_407.jpg,-0.7177520500000001,0.0,0.6268384166666667,33.98108666666666
E:\Users\Matt\Documents\IMG\center_2018_04_24_16_02_09_861.jpg,E:\Users\Matt\Documents\IMG\left_2018_04_24_16_02_09_861.jpg,E:\Users\Matt\Documents\IMG\right_2018_04_24_16_02_09_861.jpg,-0.9868508666666665,0.0,0.06042917666666666,26.163643333333336
E:\Users\Matt\Documents\IMG\center_2018_04_24_16_02_10_332.jpg,E:\Users\Matt\Documents\IMG\left_2018_04_24_16_02_10_332.jpg,E:\Users\Matt\Documents\IMG\right_2018_04_24_16_02_10_332.jpg,-0.16666666666666666,0.39994979999999997,0.0,24.519818333333333
E:\Users\Matt\Documents\IMG\center_2018_04_24_16_02_10_756.jpg,E:\Users\Matt\Documents\IMG\left_2018_04_24_16_02_10_756.jpg,E:\Users\Matt\Documents\IMG\right_2018_04_24_16_02_10_756.jpg,-0.7751649,0.325762535,0.0,28.829948333333334
E:\Users\Matt\Documents\IMG\center_2018_04_24_16_02_11_213.jpg,E:\Users\Matt\Documents\IMG\left_2018_04_24_16_02_11_213.jpg,E:\Users\Matt\Documents\IMG\right_2018_04_24_16_02_11_213.jpg,-0.6450465833333333,0.3947504333333334,0.0,27.66135
E:\Users\Matt\Documents\IMG\center_2018_04_24_16_02_11_672.jpg,E:\Users\Matt\Documents\IMG\left_2018_04_24_16_02_11_672.jpg,E:\Users\Matt\Documents\IMG\right_2018_04_24_16_02_11_672.jpg,0.36245953833333333,0.4918618666666667,0.0,32.28996
E:\Users\Matt\Documents\IMG\center_2018_04_24_16_02_12_136.jpg,E:\Users\Matt\Documents\IMG\left_2018_04_24_16_02_12_136.jpg,E:\Users\Matt\Documents\IMG\right_2018_04_24_16_02_12_136.jpg,0.37847415,0.010553686666666666,0.0,33.52683333333333
E:\Users\Matt\Documents\IMG\center_2018_04_24_16_02_12_586.jpg,E:\Users\Matt\Documents\IMG\left_2018_04_24_16_02_12_586.jpg,E:\Users\Matt\Documents\IMG\right_2018_04_24_16_02_12_586.jpg,0.0,0.59733545,0.0,34.83270833333333
E:\Users\Matt\Documents\IMG\center_2018_04_24_16_02_13_048.jpg,E:\Users\Matt\Documents\IMG\left_2018_04_24_16_02_13_048.jpg,E:\Users\Matt\Documents\IMG\right_2018_04_24_16_02_13_048.jpg,0.35957303333333335,0.49712825833333335,0.0,38.093266666666665
E:\Users\Matt\Documents\IMG\center_2018_04_24_16_02_13_492.jpg,E:\Users\Matt\Documents\IMG\left_2018_04_24_16_02_13_492.jpg,E:\Users\Matt\Documents\IMG\right_2018_04_24_16_02_13_492.jpg,0.0,0.0,0.0,38.314121666666665
E:\Users\Matt\Documents\IMG\center_2018_04_24_16_02_13_909.jpg,E:\Users\Matt\Documents\IMG\left_2018_04_24_16_02_13_909.jpg,E:\Users\Matt\Documents\IMG\right_2018_04_24_16_02_13_909.jpg,0.48729041666666667,0.0,0.0,36.52029
E:\Users\Matt\Documents\IMG\center_2018_04_24_16_02_14_349.jpg,E:\Users\Matt\Documents\IMG\left_2018_04_24_16_02_14_349.jpg,E:\Users\Matt\Documents\IMG\right_2018_04_24_16_02_14_349.jpg,0.53611725,0.08691786666666666,0.0,34.097390000000004
E:\Users\Matt\Documents\IMG\center_2018_04_24_16_02_14_783.jpg,E:\Users\Matt\Documents\IMG\left_2018_04_24_16_02_14_783.jpg,E:\Users\Matt\Documents\IMG\right_2018_04_24_16_02_14_783.jpg,0.7353596333333333,0.6402261833333334,0.0,34.354015000000004
E:\Users\Matt\Documents\IMG\center_2018_04_24_16_02_15_249.jpg,E:\Users\Matt\Documents\IMG\left_2018_04_24_16_02_15_249.jpg,E:\Users\Matt\Documents\IMG\right_2018_04_24_16_02_15_249.jpg,0.2378460933333333,0.8748383333333333,0.0,41.57423
E:\Users\Matt\Documents\IMG\center_2018_04_24_16_02_15_713.jpg,E:\Users\Matt\Documents\IMG\left_2018_04_24_16_02_15_713.jpg,E:\Users\Matt\Documents\IMG\right_2018_04_24_16_02_15_713.jpg,0.2681799666666667,0.4580387833333333,0.0,45.74769333333333
E:\Users\Matt\Documents\IMG\center_2018_04_24_16_02_16_186.jpg,E:\Users\Matt\Documents\IMG\left_2018_04_24_16_02_16_186.jpg,E:\Users\Matt\Documents\IMG\right_2018_04_24_16_02_16_186.jpg,0.51357,0.0,0.6019990183333334,41.29480833333334
E:\Users\Matt\Documents\IMG\center_2018_04_24_16_02_16_641.jpg,E:\Users\Matt\Documents\IMG\left_2018_04_24_16_02_16_641.jpg,E:\Users\Matt\Documents\IMG\right_2018_04_24_16_02_16_641.jpg,1.0,0.0,0.0,33.37287833333333
E:\Users\Matt\Documents\IMG\center_2018_04_24_16_02_17_104.jpg,E:\Users\Matt\Documents\IMG\left_2018_04_24_16_02_17_104.jpg,E:\Users\Matt\Documents\IMG\right_2018_04_24_16_02_17_104.jpg,-0.145086455,0.7593533,0.0,32.256840000000004
E:\Users\Matt\Documents\IMG\center_2018_04_24_16_02_17_575.jpg,E:\Users\Matt\Documents\IMG\left_2018_04_24_16_02_17_575.jpg,E:\Users\Matt\Documents\IMG\right_2018_04_24_16_02_17_575.jpg,-0.6133376833333333,0.6557614883333333,0.0,35.26172333333333
E:\Users\Matt\Documents\IMG\center_2018_04_24_16_02_18_014.jpg,E:\Users\Matt\Documents\IMG\left_2018_04_24_16_02_18_014.jpg,E:\Users\Matt\Documents\IMG\right_2018_04_24_16_02_18_014.jpg,-0.8263882666666666,0.0010654636666666665,0.01862276666666667,29.381293166666666
E:\Users\Matt\Documents\IMG\center_2018_04_24_16_02_18_489.jpg,E:\Users\Matt\Documents\IMG\left_2018_04_24_16_02_18_489.jpg,E:\Users\Matt\Documents\IMG\right_2018_04_24_16_02_18_489.jpg,0.006057613333333333,0.0,0.7201905166666668,1.6339023666666668
E:\Users\Matt\Documents\IMG\center_2018_04_24_16_02_18_986.jpg,E:\Users\Matt\Documents\IMG\left_2018_04_24_16_02_18_986.jpg,E:\Users\Matt\Documents\IMG\right_2018_04_24_16_02_18_986.jpg,0.5008541698333333,0.0067985833333333336,0.6936850333333333,2.8468255
E:\Users\Matt\Documents\IMG\center_2018_04_24_16_02_19_459.jpg,E:\Users\Matt\Documents\IMG\left_2018_04_24_16_02_19_459.jpg,E:\Users\Matt\Documents\IMG\right_2018_04_24_16_02_19_459.jpg,-0.7650738333333332,0.4946312166666667,0.0,1.2704170166666666
E:\Users\Matt\Documents\IMG\center_2018_04_24_16_02_19_909.jpg,E:\Users\Matt\Documents\IMG\left_2018_04_24_16_02_19_909.jpg,E:\Users\Matt\Documents\IMG\right_2018_04_24_16_02_19_909.jpg,-0.9680628166666668,0.1861855,0.0,2.5324733333333334
E:\Users\Matt\Documents\IMG\center_2018_04_24_16_02_20_331.jpg,E:\Users\Matt\Documents\IMG\left_2018_04_24_16_02_20_331.jpg,E:\Users\Matt\Documents\IMG\right_2018_04_24_16_02_20_331.jpg,-0.9684647000000001,0.1861855,0.0,1.5572925816666665
E:\Users\Matt\Documents\IMG\center_2018_04_24_16_02_20_752.jpg,E:\Users\Matt\Documents\IMG\left_2018_04_24_16_02_20_752.jpg,E:\Users\Matt\Documents\IMG\right_2018_04_24_16_02_20_752.jpg,-0.09592461666666662,0.061484116666666665,0.3131680333333333,0.2922273968333333
E:\Users\Matt\Documents\IMG\center_2018_04_24_16_02_21_203.jpg,E:\Users\Matt\Documents\IMG\left_2018_04_24_16_02_21_203.jpg,E:\Users\Matt\Documents\IMG\right_2018_04_24_16_02_21_203.jpg,0.6917049500000001,0.0,0.6769671166666665,2.1837905
E:\Users\Matt\Documents\IMG\center_2018_04_24_16_02_21_670.jpg,E:\Users\Matt\Documents\IMG\left_2018_04_24_16_02_21_670.jpg,E:\Users\Matt\Documents\IMG\right_2018_04_24_16_02_21_670.jpg,0.2840837466666666,0.4738587166666666,0.20360023333333332,3.1314578333333336
E:\Users\Matt\Documents\IMG\center_2018_04_24_16_02_22_152.jpg,E:\Users\Matt\Documents\IMG\left_2018_04_24_16_02_22_152.jpg,E:\Users\Matt\Documents\IMG\right_2018_04_24_16_02_22_152.jpg,-0.7373062,0.7289419833333334,0.0,2.3569744333333333
E:\Users\Matt\Documents\IMG\center_2018_04_24_16_02_22_631.jpg,E:\Users\Matt\Documents\IMG\left_2018_04_24_16_02_22_631.jpg,E:\Users\Matt\Documents\IMG\right_2018_04_24_16_02_22_631.jpg,-0.60285935,0.7262355333333333,0.0,6.838043166666666
E:\Users\Matt\Documents\IMG\center_2018_04_24_16_02_23_118.jpg,E:\Users\Matt\Documents\IMG\left_2018_04_24_16_02_23_118.jpg,E:\Users\Matt\Documents\IMG\right_2018_04_24_16_02_23_118.jpg,-0.21811626666666664,0.9526719166666666,0.0,14.955118333333333
E:\Users\Matt\Documents\IMG\center_2018_04_24_16_02_23_565.jpg,E:\Users\Matt\Documents\IMG\left_2018_04_24_16_02_23_565.jpg,E:\Users\Matt\Documents\IMG\right_2018_04_24_16_02_23_565.jpg,0.0,1.0,0.0,24.10898
E:\Users\Matt\Documents\IMG\center_2018_04_24_16_02_24_016.jpg,E:\Users\Matt\Documents\IMG\left_2018_04_24_16_02_24_016.jpg,E:\Users\Matt\Documents\IMG\right_2018_04_24_16_02_24_016.jpg,0.038551644999999996,1.0,0.0,33.917735
E:\Users\Matt\Documents\IMG\center_2018_04_24_16_02_24_516.jpg,E:\Users\Matt\Documents\IMG\left_2018_04_24_16_02_24_516.jpg,E:\Users\Matt\Documents\IMG\right_2018_04_24_16_02_24_516.jpg,0.09005350000000001,1.0,0.0,43.34817
E:\Users\Matt\Documents\IMG\center_2018_04_24_16_02_24_992.jpg,E:\Users\Matt\Documents\IMG\left_2018_04_24_16_02_24_992.jpg,E:\Users\Matt\Documents\IMG\right_2018_04_24_16_02_24_992.jpg,-0.23657979999999998,0.8716106833333334,0.0,51.55692333333334
E:\Users\Matt\Documents\IMG\center_2018_04_24_16_02_25_518.jpg,E:\Users\Matt\Documents\IMG\left_2018_04_24_16_02_25_518.jpg,E:\Users\Matt\Documents\IMG\right_2018_04_24_16_02_25_518.jpg,0.07447406166666666,0.17901628333333333,0.6642930333333333,53.878870000000006
E:\Users\Matt\Documents\IMG\center_2018_04_24_16_02_26_064.jpg,E:\Users\Matt\Documents\IMG\left_2018_04_24_16_02_26_064.jpg,E:\Users\Matt\Documents\IMG\right_2018_04_24_16_02_26_064.jpg,-0.512785085,0.017850383333333334,0.5126112766666667,47.73955166666667
E:\Users\Matt\Documents\IMG\center_2018_04_24_16_02_26_504.jpg,E:\Users\Matt\Documents\IMG\left_2018_04_24_16_02_26_504.jpg,E:\Users\Matt\Documents\IMG\right_2018_04_24_16_02_26_504.jpg,0.0,0.0,0.0,44.88007166666667
E:\Users\Matt\Documents\IMG\center_2018_04_24_16_02_26_943.jpg,E:\Users\Matt\Documents\IMG\left_2018_04_24_16_02_26_943.jpg,E:\Users\Matt\Documents\IMG\right_2018_04_24_16_02_26_943.jpg,0.0,0.0,0.0,20.777683333333332
E:\Users\Matt\Documents\IMG\center_2018_04_24_16_02_27_405.jpg,E:\Users\Matt\Documents\IMG\left_2018_04_24_16_02_27_405.jpg,E:\Users\Matt\Documents\IMG\right_2018_04_24_16_02_27_405.jpg,0.048272199999999994,0.672209365,0.0,19.451248333333336
E:\Users\Matt\Documents\IMG\center_2018_04_24_16_02_27_892.jpg,E:\Users\Matt\Documents\IMG\left_2018_04_24_16_02_27_892.jpg,E:\Users\Matt\Documents\IMG\right_2018_04_24_16_02_27_892.jpg,0.3255261166666667,0.9930863333333333,0.0,23.960078333333332
E:\Users\Matt\Documents\IMG\center_2018_04_24_16_02_28_339.jpg,E:\Users\Matt\Documents\IMG\left_2018_04_24_16_02_28_339.jpg,E:\Users\Matt\Documents\IMG\right_2018_04_24_16_02_28_339.jpg,0.15140999999999996,1.0,0.0,28.805419999999998
E:\Users\Matt\Documents\IMG\center_2018_04_24_16_02_28_790.jpg,E:\Users\Matt\Documents\IMG\left_2018_04_24_16_02_28_790.jpg,E:\Users\Matt\Documents\IMG\right_2018_04_24_16_02_28_790.jpg,0.003596073333333333,1.0,0.0,33.53474333333334
E:\Users\Matt\Documents\IMG\center_2018_04_24_16_02_29_283.jpg,E:\Users\Matt\Documents\IMG\left_2018_04_24_16_02_29_283.jpg,E:\Users\Matt\Documents\IMG\right_2018_04_24_16_02_29_283.jpg,-0.25897026666666667,0.9189011166666666,0.0,36.89043
E:\Users\Matt\Documents\IMG\center_2018_04_24_16_02_29_735.jpg,E:\Users\Matt\Documents\IMG\left_2018_04_24_16_02_29_735.jpg,E:\Users\Matt\Documents\IMG\right_2018_04_24_16_02_29_735.jpg,0.20379508333333332,0.9968602999999999,0.0,44.04347833333333
E:\Users\Matt\Documents\IMG\center_2018_04_24_16_02_30_194.jpg,E:\Users\Matt\Documents\IMG\left_2018_04_24_16_02_30_194.jpg,E:\Users\Matt\Documents\IMG\right_2018_04_24_16_02_30_194.jpg,-0.1597301,0.6703192666666666,0.0,52.02007666666666
E:\Users\Matt\Documents\IMG\center_2018_04_24_16_02_30_627.jpg,E:\Users\Matt\Documents\IMG\left_2018_04_24_16_02_30_627.jpg,E:\Users\Matt\Documents\IMG\right_2018_04_24_16_02_30_627.jpg,-0.19426068333333332,0.39105809999999996,0.13753010000000002,54.70843166666666
E:\Users\Matt\Documents\IMG\center_2018_04_24_16_02_31_066.jpg,E:\Users\Matt\Documents\IMG\left_2018_04_24_16_02_31_066.jpg,E:\Users\Matt\Documents\IMG\right_2018_04_24_16_02_31_066.jpg,-0.13779176666666668,0.0,0.2837697666666667,48.55684333333334
E:\Users\Matt\Documents\IMG\center_2018_04_24_16_02_31_483.jpg,E:\Users\Matt\Documents\IMG\left_2018_04_24_16_02_31_483.jpg,E:\Users\Matt\Documents\IMG\right_2018_04_24_16_02_31_483.jpg,0.33697130000000003,0.46694303333333337,0.0,45.665879999999994
E:\Users\Matt\Documents\IMG\center_2018_04_24_16_02_31_933.jpg,E:\Users\Matt\Documents\IMG\left_2018_04_24_16_02_31_933.jpg,E:\Users\Matt\Documents\IMG\right_2018_04_24_16_02_31_933.jpg,-0.7324145333333334,0.0,0.46420110999999986,40.94332500000001
E:\Users\Matt\Documents\IMG\center_2018_04_24_16_02_32_362.jpg,E:\Users\Matt\Documents\IMG\left_2018_04_24_16_02_32_362.jpg,E:\Users\Matt\Documents\IMG\right_2018_04_24_16_02_32_362.jpg,-0.9650110000000001,0.13206496666666667,0.009999056666666667,32.278110000000005
E:\Users\Matt\Documents\IMG\center_2018_04_24_16_02_32_826.jpg,E:\Users\Matt\Documents\IMG\left_2018_04_24_16_02_32_826.jpg,E:\Users\Matt\Documents\IMG\right_2018_04_24_16_02_32_826.jpg,-0.17767041666666664,0.9780471,0.0,36.016665
E:\Users\Matt\Documents\IMG\center_2018_04_24_16_02_33_291.jpg,E:\Users\Matt\Documents\IMG\left_2018_04_24_16_02_33_291.jpg,E:\Users\Matt\Documents\IMG\right_2018_04_24_16_02_33_291.jpg,-0.7918639833333333,0.10093983333333334,0.04731348333333333,38.45737333333333
E:\Users\Matt\Documents\IMG\center_2018_04_24_16_02_33_743.jpg,E:\Users\Matt\Documents\IMG\left_2018_04_24_16_02_33_743.jpg,E:\Users\Matt\Documents\IMG\right_2018_04_24_16_02_33_743.jpg,-0.0016390999999999906,0.0,0.9593657833333332,30.144683333333333
E:\Users\Matt\Documents\IMG\center_2018_04_24_16_02_34_177.jpg,E:\Users\Matt\Documents\IMG\left_2018_04_24_16_02_34_177.jpg,E:\Users\Matt\Documents\IMG\right_2018_04_24_16_02_34_177.jpg,-0.6081822233333335,0.61673685,0.0,24.210153333333334
E:\Users\Matt\Documents\IMG\center_2018_04_24_16_02_34_636.jpg,E:\Users\Matt\Documents\IMG\left_2018_04_24_16_02_34_636.jpg,E:\Users\Matt\Documents\IMG\right_2018_04_24_16_02_34_636.jpg,-0.11875678499999999,0.6666666666666666,0.2522219,28.920118333333335
E:\Users\Matt\Documents\IMG\center_2018_04_24_16_02_35_096.jpg,E:\Users\Matt\Documents\IMG\left_2018_04_24_16_02_35_096.jpg,E:\Users\Matt\Documents\IMG\right_2018_04_24_16_02_35_096.jpg,-0.4016579666666667,0.0,0.9629011,24.54779166666667
E:\Users\Matt\Documents\IMG\center_2018_04_24_16_02_35_576.jpg,E:\Users\Matt\Documents\IMG\left_2018_04_24_16_02_35_576.jpg,E:\Users\Matt\Documents\IMG\right_2018_04_24_16_02_35_576.jpg,0.6759665,0.08654736666666667,0.3575761833333333,18.667376666666666
E:\Users\Matt\Documents\IMG\center_2018_04_24_16_02_36_019.jpg,E:\Users\Matt\Documents\IMG\left_2018_04_24_16_02_36_019.jpg,E:\Users\Matt\Documents\IMG\right_2018_04_24_16_02_36_019.jpg,0.5447725333333333,0.8054380500000001,0.0,21.89249666666667
E:\Users\Matt\Documents\IMG\center_2018_04_24_16_02_36_480.jpg,E:\Users\Matt\Documents\IMG\left_2018_04_24_16_02_36_480.jpg,E:\Users\Matt\Documents\IMG\right_2018_04_24_16_02_36_480.jpg,0.08457784000000002,0.9911334333333333,0.0,30.21782333333333
E:\Users\Matt\Documents\IMG\center_2018_04_24_16_02_36_940.jpg,E:\Users\Matt\Documents\IMG\left_2018_04_24_16_02_36_940.jpg,E:\Users\Matt\Documents\IMG\right_2018_04_24_16_02_36_940.jpg,0.2295490676666667,0.902179,0.0,38.387325000000004
E:\Users\Matt\Documents\IMG\center_2018_04_24_16_02_37_388.jpg,E:\Users\Matt\Documents\IMG\left_2018_04_24_16_02_37_388.jpg,E:\Users\Matt\Documents\IMG\right_2018_04_24_16_02_37_388.jpg,0.0,0.99571115,0.0,47.496581666666664
E:\Users\Matt\Documents\IMG\center_2018_04_24_16_02_37_860.jpg,E:\Users\Matt\Documents\IMG\left_2018_04_24_16_02_37_860.jpg,E:\Users\Matt\Documents\IMG\right_2018_04_24_16_02_37_860.jpg,-0.012868755,0.09037156666666667,0.7570445,49.59546333333333
E:\Users\Matt\Documents\IMG\center_2018_04_24_16_02_38_270.jpg,E:\Users\Matt\Documents\IMG\left_2018_04_24_16_02_38_270.jpg,E:\Users\Matt\Documents\IMG\right_2018_04_24_16_02_38_270.jpg,-0.038899198333333336,0.23917323333333332,0.656764,39.617468333333335
E:\Users\Matt\Documents\IMG\center_2018_04_24_16_02_38_740.jpg,E:\Users\Matt\Documents\IMG\left_2018_04_24_16_02_38_740.jpg,E:\Users\Matt\Documents\IMG\right_2018_04_24_16_02_38_740.jpg,-0.9377582833333333,0.093505,0.11235178333333334,36.89378833333333
E:\Users\Matt\Documents\IMG\center_2018_04_24_16_02_39_205.jpg,E:\Users\Matt\Documents\IMG\left_2018_04_24_16_02_39_205.jpg,E:\Users\Matt\Documents\IMG\right_2018_04_24_16_02_39_205.jpg,-0.9730989,0.0,0.17123416666666666,22.296739
E:\Users\Matt\Documents\IMG\center_2018_04_24_16_02_39_680.jpg,E:\Users\Matt\Documents\IMG\left_2018_04_24_16_02_39_680.jpg,E:\Users\Matt\Documents\IMG\right_2018_04_24_16_02_39_680.jpg,-0.5473448833333333,0.0,0.4356862066666667,1.8654571666666666
E:\Users\Matt\Documents\IMG\center_2018_04_24_16_02_40_165.jpg,E:\Users\Matt\Documents\IMG\left_2018_04_24_16_02_40_165.jpg,E:\Users\Matt\Documents\IMG\right_2018_04_24_16_02_40_165.jpg,0.0,0.0,1.0,0.8446220361666668
E:\Users\Matt\Documents\IMG\center_2018_04_24_16_02_40_605.jpg,E:\Users\Matt\Documents\IMG\left_2018_04_24_16_02_40_605.jpg,E:\Users\Matt\Documents\IMG\right_2018_04_24_16_02_40_605.jpg,0.02161805,0.0,0.9979591833333333,0.010957376166666666
E:\Users\Matt\Documents\IMG\center_2018_04_24_16_02_41_059.jpg,E:\Users\Matt\Documents\IMG\left_2018_04_24_16_02_41_059.jpg,E:\Users\Matt\Documents\IMG\right_2018_04_24_16_02_41_059.jpg,0.6915793833333334,0.0,0.6144867666666666,0.011233903333333335
E:\Users\Matt\Documents\IMG\center_2018_04_24_16_02_41_498.jpg,E:\Users\Matt\Documents\IMG\left_2018_04_24_16_02_41_498.jpg,E:\Users\Matt\Documents\IMG\right_2018_04_24_16_02_41_498.jpg,1.0,0.0,0.03758460833333333,0.011504676666666666
E:\Users\Matt\Documents\IMG\center_2018_04_24_16_02_41_919.jpg,E:\Users\Matt\Documents\IMG\left_2018_04_24_16_02_41_919.jpg,E:\Users\Matt\Documents\IMG\right_2018_04_24_16_02_41_919.jpg,0.13298175,0.45340661666666665,0.0,0.01132956
E:\Users\Matt\Documents\IMG\center_2018_04_24_16_02_42_390.jpg,E:\Users\Matt\Documents\IMG\left_2018_04_24_16_02_42_390.jpg,E:\Users\Matt\Documents\IMG\right_2018_04_24_16_02_42_390.jpg,0.0,0.0,0.0,0.011344075
E:\Users\Matt\Documents\IMG\center_2018_04_24_16_02_42_832.jpg,E:\Users\Matt\Documents\IMG\left_2018_04_24_16_02_42_832.jpg,E:\Users\Matt\Documents\IMG\right_2018_04_24_16_02_42_832.jpg,0.0,0.0,0.0,0.01165439
E:\Users\Matt\Documents\IMG\center_2018_04_24_16_02_43_257.jpg,E:\Users\Matt\Documents\IMG\left_2018_04_24_16_02_43_257.jpg,E:\Users\Matt\Documents\IMG\right_2018_04_24_16_02_43_257.jpg,0.0,0.0,0.0,0.011296679999999998
E:\Users\Matt\Documents\IMG\center_2018_04_24_16_02_43_701.jpg,E:\Users\Matt\Documents\IMG\left_2018_04_24_16_02_43_701.jpg,E:\Users\Matt\Documents\IMG\right_2018_04_24_16_02_43_701.jpg,0.0,0.0,0.0,0.011623075000000002
E:\Users\Matt\Documents\IMG\center_2018_04_24_16_05_59_641.jpg,E:\Users\Matt\Documents\IMG\left_2018_04_24_16_05_59_641.jpg,E:\Users\Matt\Documents\IMG\right_2018_04_24_16_05_59_641.jpg,0.0,0.0,0.0,0.18036348945333333
E:\Users\Matt\Documents\IMG\center_2018_04_24_16_06_00_103.jpg,E:\Users\Matt\Documents\IMG\left_2018_04_24_16_06_00_103.jpg,E:\Users\Matt\Documents\IMG\right_2018_04_24_16_06_00_103.jpg,0.0,0.0,0.0,0.00011000997166666667
E:\Users\Matt\Documents\IMG\center_2018_04_24_16_06_00_539.jpg,E:\Users\Matt\Documents\IMG\left_2018_04_24_16_06_00_539.jpg,E:\Users\Matt\Documents\IMG\right_2018_04_24_16_06_00_539.jpg,0.0,0.0,0.0,8.146347333333333e-05
E:\Users\Matt\Documents\IMG\center_2018_04_24_16_06_01_016.jpg,E:\Users\Matt\Documents\IMG\left_2018_04_24_16_06_01_016.jpg,E:\Users\Matt\Documents\IMG\right_2018_04_24_16_06_01_016.jpg,0.0,0.0,0.0,8.533741683333333e-05
E:\Users\Matt\Documents\IMG\center_2018_04_24_16_06_01_448.jpg,E:\Users\Matt\Documents\IMG\left_2018_04_24_16_06_01_448.jpg,E:\Users\Matt\Documents\IMG\right_2018_04_24_16_06_01_448.jpg,0.0,0.17564421500000002,0.0,0.16995192422000002
E:\Users\Matt\Documents\IMG\center_2018_04_24_16_06_01_941.jpg,E:\Users\Matt\Documents\IMG\left_2018_04_24_16_06_01_941.jpg,E:\Users\Matt\Documents\IMG\right_2018_04_24_16_06_01_941.jpg,0.0,1.0,0.0,4.7211195
E:\Users\Matt\Documents\IMG\center_2018_04_24_16_06_02_414.jpg,E:\Users\Matt\Documents\IMG\left_2018_04_24_16_06_02_414.jpg,E:\Users\Matt\Documents\IMG\right_2018_04_24_16_06_02_414.jpg,-0.002432341666666667,1.0,0.0,10.727228666666667
E:\Users\Matt\Documents\IMG\center_2018_04_24_16_06_02_869.jpg,E:\Users\Matt\Documents\IMG\left_2018_04_24_16_06_02_869.jpg,E:\Users\Matt\Documents\IMG\right_2018_04_24_16_06_02_869.jpg,-0.1268009055,1.0,0.0,15.732423333333335
E:\Users\Matt\Documents\IMG\center_2018_04_24_16_06_03_335.jpg,E:\Users\Matt\Documents\IMG\left_2018_04_24_16_06_03_335.jpg,E:\Users\Matt\Documents\IMG\right_2018_04_24_16_06_03_335.jpg,-0.0005023583333333345,1.0,0.0,24.06454666666666
E:\Users\Matt\Documents\IMG\center_2018_04_24_16_06_03_775.jpg,E:\Users\Matt\Documents\IMG\left_2018_04_24_16_06_03_775.jpg,E:\Users\Matt\Documents\IMG\right_2018_04_24_16_06_03_775.jpg,0.124931685,0.9943610833333333,0.0,33.42634666666667
E:\Users\Matt\Documents\IMG\center_2018_04_24_16_06_04_208.jpg,E:\Users\Matt\Documents\IMG\left_2018_04_24_16_06_04_208.jpg,E:\Users\Matt\Documents\IMG\right_2018_04_24_16_06_04_208.jpg,0.0,1.0,0.0,42.26265833333333
E:\Users\Matt\Documents\IMG\center_2018_04_24_16_06_04_623.jpg,E:\Users\Matt\Documents\IMG\left_2018_04_24_16_06_04_623.jpg,E:\Users\Matt\Documents\IMG\right_2018_04_24_16_06_04_623.jpg,0.07387971666666666,0.4998116166666667,0.0,49.368570000000005
E:\Users\Matt\Documents\IMG\center_2018_04_24_16_06_05_071.jpg,E:\Users\Matt\Documents\IMG\left_2018_04_24_16_06_05_071.jpg,E:\Users\Matt\Documents\IMG\right_2018_04_24_16_06_05_071.jpg,0.3116086866666667,0.27624496666666665,0.0,44.174906666666665
E:\Users\Matt\Documents\IMG\center_2018_04_24_16_06_05_509.jpg,E:\Users\Matt\Documents\IMG\left_2018_04_24_16_06_05_509.jpg,E:\Users\Matt\Documents\IMG\right_2018_04_24_16_06_05_509.jpg,0.0,0.0,0.484625915,37.923406666666665
E:\Users\Matt\Documents\IMG\center_2018_04_24_16_06_05_949.jpg,E:\Users\Matt\Documents\IMG\left_2018_04_24_16_06_05_949.jpg,E:\Users\Matt\Documents\IMG\right_2018_04_24_16_06_05_949.jpg,0.0,0.6657373166666667,0.3333333333333333,28.876711666666665
E:\Users\Matt\Documents\IMG\center_2018_04_24_16_06_06_373.jpg,E:\Users\Matt\Documents\IMG\left_2018_04_24_16_06_06_373.jpg,E:\Users\Matt\Documents\IMG\right_2018_04_24_16_06_06_373.jpg,0.4212978,0.8124333333333333,0.0,27.604830000000003
E:\Users\Matt\Documents\IMG\center_2018_04_24_16_06_06_794.jpg,E:\Users\Matt\Documents\IMG\left_2018_04_24_16_06_06_794.jpg,E:\Users\Matt\Documents\IMG\right_2018_04_24_16_06_06_794.jpg,0.3252810666666667,0.8181853,0.0,31.277468333333335
E:\Users\Matt\Documents\IMG\center_2018_04_24_16_06_07_243.jpg,E:\Users\Matt\Documents\IMG\left_2018_04_24_16_06_07_243.jpg,E:\Users\Matt\Documents\IMG\right_2018_04_24_16_06_07_243.jpg,0.18773635833333333,0.9709952833333334,0.0,36.173093333333334
E:\Users\Matt\Documents\IMG\center_2018_04_24_16_06_07_673.jpg,E:\Users\Matt\Documents\IMG\left_2018_04_24_16_06_07_673.jpg,E:\Users\Matt\Documents\IMG\right_2018_04_24_16_06_07_673.jpg,0.2085359,0.9436295333333334,0.0,38.21449833333333
E:\Users\Matt\Documents\IMG\center_2018_04_24_16_06_08_114.jpg,E:\Users\Matt\Documents\IMG\left_2018_04_24_16_06_08_114.jpg,E:\Users\Matt\Documents\IMG\right_2018_04_24_16_06_08_114.jpg,0.02083311666666667,1.0,0.0,40.668836666666664
E:\Users\Matt\Documents\IMG\center_2018_04_24_16_06_08_564.jpg,E:\Users\Matt\Documents\IMG\left_2018_04_24_16_06_08_564.jpg,E:\Users\Matt\Documents\IMG\right_2018_04_24_16_06_08_564.jpg,0.2912906566666667,0.9093061499999999,0.0,46.48431
E:\Users\Matt\Documents\IMG\center_2018_04_24_16_06_09_033.jpg,E:\Users\Matt\Documents\IMG\left_2018_04_24_16_06_09_033.jpg,E:\Users\Matt\Documents\IMG\right_2018_04_24_16_06_09_033.jpg,0.10287611666666668,1.0,0.0,54.882781666666666
E:\Users\Matt\Documents\IMG\center_2018_04_24_16_06_09_514.jpg,E:\Users\Matt\Documents\IMG\left_2018_04_24_16_06_09_514.jpg,E:\Users\Matt\Documents\IMG\right_2018_04_24_16_06_09_514.jpg,0.08159087,0.9986185166666667,0.0,63.420806666666664
E:\Users\Matt\Documents\IMG\center_2018_04_24_16_06_09_991.jpg,E:\Users\Matt\Documents\IMG\left_2018_04_24_16_06_09_991.jpg,E:\Users\Matt\Documents\IMG\right_2018_04_24_16_06_09_991.jpg,0.1953114,0.14654736666666665,0.79027525,61.69910000000001
E:\Users\Matt\Documents\IMG\center_2018_04_24_16_06_10_468.jpg,E:\Users\Matt\Documents\IMG\left_2018_04_24_16_06_10_468.jpg,E:\Users\Matt\Documents\IMG\right_2018_04_24_16_06_10_468.jpg,0.0,0.0,1.0,46.306958333333334
E:\Users\Matt\Documents\IMG\center_2018_04_24_16_06_10_928.jpg,E:\Users\Matt\Documents\IMG\left_2018_04_24_16_06_10_928.jpg,E:\Users\Matt\Documents\IMG\right_2018_04_24_16_06_10_928.jpg,0.5506437833333333,0.0,0.7554914500000001,36.77690333333334
E:\Users\Matt\Documents\IMG\center_2018_04_24_16_06_11_381.jpg,E:\Users\Matt\Documents\IMG\left_2018_04_24_16_06_11_381.jpg,E:\Users\Matt\Documents\IMG\right_2018_04_24_16_06_11_381.jpg,0.9297457166666666,0.0,0.23012475,28.653089999999995
E:\Users\Matt\Documents\IMG\center_2018_04_24_16_06_11_837.jpg,E:\Users\Matt\Documents\IMG\left_2018_04_24_16_06_11_837.jpg,E:\Users\Matt\Documents\IMG\right_2018_04_24_16_06_11_837.jpg,0.5232340333333333,0.7248917666666667,0.0,25.898721666666663
E:\Users\Matt\Documents\IMG\center_2018_04_24_16_06_12_333.jpg,E:\Users\Matt\Documents\IMG\left_2018_04_24_16_06_12_333.jpg,E:\Users\Matt\Documents\IMG\right_2018_04_24_16_06_12_333.jpg,0.44284474999999995,0.8993155666666667,0.0,33.203469999999996
E:\Users\Matt\Documents\IMG\center_2018_04_24_16_06_12_787.jpg,E:\Users\Matt\Documents\IMG\left_2018_04_24_16_06_12_787.jpg,E:\Users\Matt\Documents\IMG\right_2018_04_24_16_06_12_787.jpg,0.3201509,0.9922449000000001,0.0,39.56438500000001
E:\Users\Matt\Documents\IMG\center_2018_04_24_16_06_13_251.jpg,E:\Users\Matt\Documents\IMG\left_2018_04_24_16_06_13_251.jpg,E:\Users\Matt\Documents\IMG\right_2018_04_24_16_06_13_251.jpg,0.20702048333333334,0.9948383,0.0,44.248866666666665
E:\Users\Matt\Documents\IMG\center_2018_04_24_16_06_13_743.jpg,E:\Users\Matt\Documents\IMG\left_2018_04_24_16_06_13_743.jpg,E:\Users\Matt\Documents\IMG\right_2018_04_24_16_06_13_743.jpg,-0.10604095000000001,1.0,0.0,45.611631666666675
E:\Users\Matt\Documents\IMG\center_2018_04_24_16_06_14_216.jpg,E:\Users\Matt\Documents\IMG\left_2018_04_24_16_06_14_216.jpg,E:\Users\Matt\Documents\IMG\right_2018_04_24_16_06_14_216.jpg,0.38366723333333336,0.6939341666666667,0.0,49.51493833333333
E:\Users\Matt\Documents\IMG\center_2018_04_24_16_06_14_685.jpg,E:\Users\Matt\Documents\IMG\left_2018_04_24_16_06_14_685.jpg,E:\Users\Matt\Documents\IMG\right_2018_04_24_16_06_14_685.jpg,0.12117201999999999,0.8727661333333333,0.0,52.39613833333334
E:\Users\Matt\Documents\IMG\center_2018_04_24_16_06_15_150.jpg,E:\Users\Matt\Documents\IMG\left_2018_04_24_16_06_15_150.jpg,E:\Users\Matt\Documents\IMG\right_2018_04_24_16_06_15_150.jpg,-0.16782443833333335,1.0,0.0,54.10482999999999
E:\Users\Matt\Documents\IMG\center_2018_04_24_16_06_15_636.jpg,E:\Users\Matt\Documents\IMG\left_2018_04_24_16_06_15_636.jpg,E:\Users\Matt\Documents\IMG\right_2018_04_24_16_06_15_636.jpg,-0.9266059833333333,0.160316125,0.0,54.131135
E:\Users\Matt\Documents\IMG\center_2018_04_24_16_06_16_079.jpg,E:\Users\Matt\Documents\IMG\left_2018_04_24_16_06_16_079.jpg,E:\Users\Matt\Documents\IMG\right_2018_04_24_16_06_16_079.jpg,-0.9866687666666666,0.0,0.06240091666666667,54.03934166666667
E:\Users\Matt\Documents\IMG\center_2018_04_24_16_06_16_522.jpg,E:\Users\Matt\Documents\IMG\left_2018_04_24_16_06_16_522.jpg,E:\Users\Matt\Documents\IMG\right_2018_04_24_16_06_16_522.jpg,-0.6668070166666668,0.0,0.6901727666666666,50.90703
E:\Users\Matt\Documents\IMG\center_2018_04_24_16_06_16_967.jpg,E:\Users\Matt\Documents\IMG\left_2018_04_24_16_06_16_967.jpg,E:\Users\Matt\Documents\IMG\right_2018_04_24_16_06_16_967.jpg,-0.6545056000000001,0.0,0.7072528,28.805125000000004
E:\Users\Matt\Documents\IMG\center_2018_04_24_16_06_17_427.jpg,E:\Users\Matt\Documents\IMG\left_2018_04_24_16_06_17_427.jpg,E:\Users\Matt\Documents\IMG\right_2018_04_24_16_06_17_427.jpg,-0.46793941666666666,0.0,0.8212936000000001,8.294819833333333
E:\Users\Matt\Documents\IMG\center_2018_04_24_16_06_17_912.jpg,E:\Users\Matt\Documents\IMG\left_2018_04_24_16_06_17_912.jpg,E:\Users\Matt\Documents\IMG\right_2018_04_24_16_06_17_912.jpg,0.0,0.0,0.14836211666666668,3.203476333333333
E:\Users\Matt\Documents\IMG\center_2018_04_24_16_06_18_377.jpg,E:\Users\Matt\Documents\IMG\left_2018_04_24_16_06_18_377.jpg,E:\Users\Matt\Documents\IMG\right_2018_04_24_16_06_18_377.jpg,0.0,0.0,0.0,3.098008666666667
E:\Users\Matt\Documents\IMG\center_2018_04_24_16_06_18_866.jpg,E:\Users\Matt\Documents\IMG\left_2018_04_24_16_06_18_866.jpg,E:\Users\Matt\Documents\IMG\right_2018_04_24_16_06_18_866.jpg,0.0,0.0,0.0,2.9458208333333338
E:\Users\Matt\Documents\IMG\center_2018_04_24_16_06_19_299.jpg,E:\Users\Matt\Documents\IMG\left_2018_04_24_16_06_19_299.jpg,E:\Users\Matt\Documents\IMG\right_2018_04_24_16_06_19_299.jpg,0.0,0.0,0.0,2.8039851666666666
