E:\Users\Matt\Documents\IMG\center_2018_04_24_15_46_22_098.jpg,E:\Users\Matt\Documents\IMG\left_2018_04_24_15_46_22_098.jpg,E:\Users\Matt\Documents\IMG\right_2018_04_24_15_46_22_098.jpg,0,1,0,40
E:\Users\Matt\Documents\IMG\center_2018_04_24_15_46_22_196.jpg,E:\Users\Matt\Documents\IMG\left_2018_04_24_15_46_22_196.jpg,E:\Users\Matt\Documents\IMG\right_2018_04_24_15_46_22_196.jpg,0,1,0,40
E:\Users\Matt\Documents\IMG\center_2018_04_24_15_46_22_644.jpg,E:\Users\Matt\Documents\IMG\left_2018_04_24_15_46_22_644.jpg,E:\Users\Matt\Documents\IMG\right_2018_04_24_15_46_22_644.jpg,0.0,1.0,0.0,40.0
E:\Users\Matt\Documents\IMG\center_2018_04_24_15_46_23_163.jpg,E:\Users\Matt\Documents\IMG\left_2018_04_24_15_46_23_163.jpg,E:\Users\Matt\Documents\IMG\right_2018_04_24_15_46_23_163.jpg,0.0,1.0,0.0,40.0
E:\Users\Matt\Documents\IMG\center_2018_04_24_15_46_23_695.jpg,E:\Users\Matt\Documents\IMG\left_2018_04_24_15_46_23_695.jpg,E:\Users\Matt\Documents\IMG\right_2018_04_24_15_46_23_695.jpg,-0.019035158333333333,1.0,0.0,40.0
E:\Users\Matt\Documents\IMG\center_2018_04_24_15_46_24_216.jpg,E:\Users\Matt\Documents\IMG\left_2018_04_24_15_46_24_216.jpg,E:\Users\Matt\Documents\IMG\right_2018_04_24_15_46_24_216.jpg,-0.034943,1.0,0.0,40.0
E:\Users\Matt\Documents\IMG\center_2018_04_24_15_46_24_687.jpg,E:\Users\Matt\Documents\IMG\left_2018_04_24_15_46_24_687.jpg,E:\Users\Matt\Documents\IMG\right_2018_04_24_15_46_24_687.jpg,0.06281552166666667,1.0,0.0,40.0
E:\Users\Matt\Documents\IMG\center_2018_04_24_15_46_25_136.jpg,E:\Users\Matt\Documents\IMG\left_2018_04_24_15_46_25_136.jpg,E:\Users\Matt\Documents\IMG\right_2018_04_24_15_46_25_136.jpg,-0.02708115,1.0,0.0,40.0
E:\Users\Matt\Documents\IMG\center_2018_04_24_15_46_25_638.jpg,E:\Users\Matt\Documents\IMG\left_2018_04_24_15_46_25_638.jpg,E:\Users\Matt\Documents\IMG\right_2018_04_24_15_46_25_638.jpg,-0.2711357,1.0,0.8045861,40.0
E:\Users\Matt\Documents\IMG\center_2018_04_24_15_46_26_079.jpg,E:\Users\Matt\Documents\IMG\left_2018_04_24_15_46_26_079.jpg,E:\Users\Matt\Documents\IMG\right_2018_04_24_15_46_26_079.jpg,-0.04767125666666667,1.0,0.9819529,40.0
E:\Users\Matt\Documents\IMG\center_2018_04_24_15_46_26_532.jpg,E:\Users\Matt\Documents\IMG\left_2018_04_24_15_46_26_532.jpg,E:\Users\Matt\Documents\IMG\right_2018_04_24_15_46_26_532.jpg,0.06150721333333334,1.0,0.7344008833333334,40.0
E:\Users\Matt\Documents\IMG\center_2018_04_24_15_46_27_090.jpg,E:\Users\Matt\Documents\IMG\left_2018_04_24_15_46_27_090.jpg,E:\Users\Matt\Documents\IMG\right_2018_04_24_15_46_27_090.jpg,0.0,1.0,1.0,40.0
E:\Users\Matt\Documents\IMG\center_2018_04_24_15_46_27_591.jpg,E:\Users\Matt\Documents\IMG\left_2018_04_24_15_46_27_591.jpg,E:\Users\Matt\Documents\IMG\right_2018_04_24_15_46_27_591.jpg,0.0,1.0,0.6666666666666666,40.0
E:\Users\Matt\Documents\IMG\center_2018_04_24_15_46_28_116.jpg,E:\Users\Matt\Documents\IMG\left_2018_04_24_15_46_28_116.jpg,E:\Users\Matt\Documents\IMG\right_2018_04_24_15_46_28_116.jpg,-0.04943593333333333,1.0,0.5104280833333333,40.0
E:\Users\Matt\Documents\IMG\center_2018_04_24_15_46_28_658.jpg,E:\Users\Matt\Documents\IMG\left_2018_04_24_15_46_28_658.jpg,E:\Users\Matt\Documents\IMG\right_2018_04_24_15_46_28_658.jpg,0.0,1.0,0.0,40.0
E:\Users\Matt\Documents\IMG\center_2018_04_24_15_46_29_070.jpg,E:\Users\Matt\Documents\IMG\left_2018_04_24_15_46_29_070.jpg,E:\Users\Matt\Documents\IMG\right_2018_04_24_15_46_29_070.jpg,0.0,1.0,0.0,40.0
E:\Users\Matt\Documents\IMG\center_2018_04_24_15_46_29_546.jpg,E:\Users\Matt\Documents\IMG\left_2018_04_24_15_46_29_546.jpg,E:\Users\Matt\Documents\IMG\right_2018_04_24_15_46_29_546.jpg,-0.06660611166666668,1.0,0.4732747333333333,40.0
E:\Users\Matt\Documents\IMG\center_2018_04_24_15_46_30_076.jpg,E:\Users\Matt\Documents\IMG\left_2018_04_24_15_46_30_076.jpg,E:\Users\Matt\Documents\IMG\right_2018_04_24_15_46_30_076.jpg,0.0033742533333333334,1.0,0.0,40.0
E:\Users\Matt\Documents\IMG\center_2018_04_24_15_46_30_553.jpg,E:\Users\Matt\Documents\IMG\left_2018_04_24_15_46_30_553.jpg,E:\Users\Matt\Documents\IMG\right_2018_04_24_15_46_30_553.jpg,0.09168004833333332,1.0,0.0,40.0
E:\Users\Matt\Documents\IMG\center_2018_04_24_15_46_31_061.jpg,E:\Users\Matt\Documents\IMG\left_2018_04_24_15_46_31_061.jpg,E:\Users\Matt\Documents\IMG\right_2018_04_24_15_46_31_061.jpg,0.13888458166666667,1.0,0.0,40.0
E:\Users\Matt\Documents\IMG\center_2018_04_24_15_46_31_581.jpg,E:\Users\Matt\Documents\IMG\left_2018_04_24_15_46_31_581.jpg,E:\Users\Matt\Documents\IMG\right_2018_04_24_15_46_31_581.jpg,0.0,1.0,0.0,40.0
E:\Users\Matt\Documents\IMG\center_2018_04_24_15_46_32_007.jpg,E:\Users\Matt\Documents\IMG\left_2018_04_24_15_46_32_007.jpg,E:\Users\Matt\Documents\IMG\right_2018_04_24_15_46_32_007.jpg,0.0,1.0,0.0,40.0
E:\Users\Matt\Documents\IMG\center_2018_04_24_15_46_32_435.jpg,E:\Users\Matt\Documents\IMG\left_2018_04_24_15_46_32_435.jpg,E:\Users\Matt\Documents\IMG\right_2018_04_24_15_46_32_435.jpg,0.06346843049999999,1.0,0.0,40.0
E:\Users\Matt\Documents\IMG\center_2018_04_24_15_46_32_862.jpg,E:\Users\Matt\Documents\IMG\left_2018_04_24_15_46_32_862.jpg,E:\Users\Matt\Documents\IMG\right_2018_04_24_15_46_32_862.jpg,-0.07753231,1.0,0.0,40.0
E:\Users\Matt\Documents\IMG\center_2018_04_24_15_46_33_275.jpg,E:\Users\Matt\Documents\IMG\left_2018_04_24_15_46_33_275.jpg,E:\Users\Matt\Documents\IMG\right_2018_04_24_15_46_33_275.jpg,-0.12030356666666668,1.0,0.0,40.0
E:\Users\Matt\Documents\IMG\center_2018_04_24_15_46_33_773.jpg,E:\Users\Matt\Documents\IMG\left_2018_04_24_15_46_33_773.jpg,E:\Users\Matt\Documents\IMG\right_2018_04_24_15_46_33_773.jpg,-0.14988614666666666,1.0,0.0,40.0
E:\Users\Matt\Documents\IMG\center_2018_04_24_15_46_34_327.jpg,E:\Users\Matt\Documents\IMG\left_2018_04_24_15_46_34_327.jpg,E:\Users\Matt\Documents\IMG\right_2018_04_24_15_46_34_327.jpg,0.16174376666666668,1.0,0.0,40.0
E:\Users\Matt\Documents\IMG\center_2018_04_24_15_46_34_864.jpg,E:\Users\Matt\Documents\IMG\left_2018_04_24_15_46_34_864.jpg,E:\Users\Matt\Documents\IMG\right_2018_04_24_15_46_34_864.jpg,-0.39687916666666667,1.0,0.0,40.0
E:\Users\Matt\Documents\IMG\center_2018_04_24_15_46_35_385.jpg,E:\Users\Matt\Documents\IMG\left_2018_04_24_15_46_35_385.jpg,E:\Users\Matt\Documents\IMG\right_2018_04_24_15_46_35_385.jpg,-0.3055510833333333,1.0,0.0,40.0
E:\Users\Matt\Documents\IMG\center_2018_04_24_15_46_35_908.jpg,E:\Users\Matt\Documents\IMG\left_2018_04_24_15_46_35_908.jpg,E:\Users\Matt\Documents\IMG\right_2018_04_24_15_46_35_908.jpg,0.0,1.0,0.10968708333333334,40.0
E:\Users\Matt\Documents\IMG\center_2018_04_24_15_46_36_396.jpg,E:\Users\Matt\Documents\IMG\left_2018_04_24_15_46_36_396.jpg,E:\Users\Matt\Documents\IMG\right_2018_04_24_15_46_36_396.jpg,-0.047675666666666665,1.0,0.0,40.0
E:\Users\Matt\Documents\IMG\center_2018_04_24_15_46_36_891.jpg,E:\Users\Matt\Documents\IMG\left_2018_04_24_15_46_36_891.jpg,E:\Users\Matt\Documents\IMG\right_2018_04_24_15_46_36_891.jpg,-0.16861753333333332,1.0,0.0,40.0
E:\Users\Matt\Documents\IMG\center_2018_04_24_15_46_37_416.jpg,E:\Users\Matt\Documents\IMG\left_2018_04_24_15_46_37_416.jpg,E:\Users\Matt\Documents\IMG\right_2018_04_24_15_46_37_416.jpg,-0.10716071999999999,1.0,0.0,40.0
E:\Users\Matt\Documents\IMG\center_2018_04_24_15_46_37_943.jpg,E:\Users\Matt\Documents\IMG\left_2018_04_24_15_46_37_943.jpg,E:\Users\Matt\Documents\IMG\right_2018_04_24_15_46_37_943.jpg,0.06767549666666667,1.0,0.0,40.0
E:\Users\Matt\Documents\IMG\center_2018_04_24_15_46_38_469.jpg,E:\Users\Matt\Documents\IMG\left_2018_04_24_15_46_38_469.jpg,E:\Users\Matt\Documents\IMG\right_2018_04_24_15_46_38_469.jpg,-0.08388286166666666,1.0,0.0054485083333333335,40.0
E:\Users\Matt\Documents\IMG\center_2018_04_24_15_46_38_961.jpg,E:\Users\Matt\Documents\IMG\left_2018_04_24_15_46_38_961.jpg,E:\Users\Matt\Documents\IMG\right_2018_04_24_15_46_38_961.jpg,0.0,1.0,0.0,40.0
E:\Users\Matt\Documents\IMG\center_2018_04_24_15_46_39_484.jpg,E:\Users\Matt\Documents\IMG\left_2018_04_24_15_46_39_484.jpg,E:\Users\Matt\Documents\IMG\right_2018_04_24_15_46_39_484.jpg,-0.011344895,1.0,0.0,40.0
E:\Users\Matt\Documents\IMG\center_2018_04_24_15_46_40_008.jpg,E:\Users\Matt\Documents\IMG\left_2018_04_24_15_46_40_008.jpg,E:\Users\Matt\Documents\IMG\right_2018_04_24_15_46_40_008.jpg,-0.0736893,1.0,0.0,40.0
E:\Users\Matt\Documents\IMG\center_2018_04_24_15_46_40_496.jpg,E:\Users\Matt\Documents\IMG\left_2018_04_24_15_46_40_496.jpg,E:\Users\Matt\Documents\IMG\right_2018_04_24_15_46_40_496.jpg,-0.04896512833333334,1.0,0.0,40.0
E:\Users\Matt\Documents\IMG\center_2018_04_24_15_46_40_956.jpg,E:\Users\Matt\Documents\IMG\left_2018_04_24_15_46_40_956.jpg,E:\Users\Matt\Documents\IMG\right_2018_04_24_15_46_40_956.jpg,-0.04199904333333334,1.0,0.0,40.0
E:\Users\Matt\Documents\IMG\center_2018_04_24_15_46_41_442.jpg,E:\Users\Matt\Documents\IMG\left_2018_04_24_15_46_41_442.jpg,E:\Users\Matt\Documents\IMG\right_2018_04_24_15_46_41_442.jpg,0.0182356305,1.0,0.0,40.0
E:\Users\Matt\Documents\IMG\center_2018_04_24_15_46_41_911.jpg,E:\Users\Matt\Documents\IMG\left_2018_04_24_15_46_41_911.jpg,E:\Users\Matt\Documents\IMG\right_2018_04_24_15_46_41_911.jpg,0.07536183233333334,1.0,0.0,40.0
E:\Users\Matt\Documents\IMG\center_2018_04_24_15_46_42_465.jpg,E:\Users\Matt\Documents\IMG\left_2018_04_24_15_46_42_465.jpg,E:\Users\Matt\Documents\IMG\right_2018_04_24_15_46_42_465.jpg,-0.012749446666666666,1.0,0.0,40.0
E:\Users\Matt\Documents\IMG\center_2018_04_24_15_46_42_970.jpg,E:\Users\Matt\Documents\IMG\left_2018_04_24_15_46_42_970.jpg,E:\Users\Matt\Documents\IMG\right_2018_04_24_15_46_42_970.jpg,0.0020094183333333325,1.0,0.0,40.0
E:\Users\Matt\Documents\IMG\center_2018_04_24_15_46_43_523.jpg,E:\Users\Matt\Documents\IMG\left_2018_04_24_15_46_43_523.jpg,E:\Users\Matt\Documents\IMG\right_2018_04_24_15_46_43_523.jpg,-0.20910101666666667,1.0,0.18277763333333333,40.0
E:\Users\Matt\Documents\IMG\center_2018_04_24_15_46_44_086.jpg,E:\Users\Matt\Documents\IMG\left_2018_04_24_15_46_44_086.jpg,E:\Users\Matt\Documents\IMG\right_2018_04_24_15_46_44_086.jpg,0.17306963333333333,1.0,0.0,40.0
E:\Users\Matt\Documents\IMG\center_2018_04_24_15_46_44_596.jpg,E:\Users\Matt\Documents\IMG\left_2018_04_24_15_46_44_596.jpg,E:\Users\Matt\Documents\IMG\right_2018_04_24_15_46_44_596.jpg,-0.09192257999999999,1.0,0.19831924999999997,40.0
E:\Users\Matt\Documents\IMG\center_2018_04_24_15_46_45_122.jpg,E:\Users\Matt\Documents\IMG\left_2018_04_24_15_46_45_122.jpg,E:\Users\Matt\Documents\IMG\right_2018_04_24_15_46_45_122.jpg,-0.16666666666666666,1.0,0.0,40.0
E:\Users\Matt\Documents\IMG\center_2018_04_24_15_46_45_547.jpg,E:\Users\Matt\Documents\IMG\left_2018_04_24_15_46_45_547.jpg,E:\Users\Matt\Documents\IMG\right_2018_04_24_15_46_45_547.jpg,-0.11090749999999999,1.0,0.060605001666666665,40.0
E:\Users\Matt\Documents\IMG\center_2018_04_24_15_46_46_059.jpg,E:\Users\Matt\Documents\IMG\left_2018_04_24_15_46_46_059.jpg,E:\Users\Matt\Documents\IMG\right_2018_04_24_15_46_46_059.jpg,-0.007294661666666667,1.0,0.0,40.0
E:\Users\Matt\Documents\IMG\center_2018_04_24_15_46_46_607.jpg,E:\Users\Matt\Documents\IMG\left_2018_04_24_15_46_46_607.jpg,E:\Users\Matt\Documents\IMG\right_2018_04_24_15_46_46_607.jpg,-0.047093699999999995,1.0,0.24125598333333334,40.0
E:\Users\Matt\Documents\IMG\center_2018_04_24_15_46_47_136.jpg,E:\Users\Matt\Documents\IMG\left_2018_04_24_15_46_47_136.jpg,E:\Users\Matt\Documents\IMG\right_2018_04_24_15_46_47_136.jpg,-0.22553854999999998,1.0,0.0,40.0
E:\Users\Matt\Documents\IMG\center_2018_04_24_15_46_47_717.jpg,E:\Users\Matt\Documents\IMG\left_2018_04_24_15_46_47_717.jpg,E:\Users\Matt\Documents\IMG\right_2018_04_24_15_46_47_717.jpg,-0.6416933666666668,1.0,0.0,40.0
E:\Users\Matt\Documents\IMG\center_2018_04_24_15_46_48_178.jpg,E:\Users\Matt\Documents\IMG\left_2018_04_24_15_46_48_178.jpg,E:\Users\Matt\Documents\IMG\right_2018_04_24_15_46_48_178.jpg,-0.3336537423333333,1.0,0.0,40.0
E:\Users\Matt\Documents\IMG\center_2018_04_24_15_46_48_652.jpg,E:\Users\Matt\Documents\IMG\left_2018_04_24_15_46_48_652.jpg,E:\Users\Matt\Documents\IMG\right_2018_04_24_15_46_48_652.jpg,-0.15604828,1.0,0.0,40.0
E:\Users\Matt\Documents\IMG\center_2018_04_24_15_46_49_114.jpg,E:\Users\Matt\Documents\IMG\left_2018_04_24_15_46_49_114.jpg,E:\Users\Matt\Documents\IMG\right_2018_04_24_15_46_49_114.jpg,0.038400766666666676,1.0,0.0,40.0
E:\Users\Matt\Documents\IMG\center_2018_04_24_15_46_49_623.jpg,E:\Users\Matt\Documents\IMG\left_2018_04_24_15_46_49_623.jpg,E:\Users\Matt\Documents\IMG\right_2018_04_24_15_46_49_623.jpg,0.16065725,1.0,0.026710666666666664,40.0
E:\Users\Matt\Documents\IMG\center_2018_04_24_15_46_50_051.jpg,E:\Users\Matt\Documents\IMG\left_2018_04_24_15_46_50_051.jpg,E:\Users\Matt\Documents\IMG\right_2018_04_24_15_46_50_051.jpg,-0.22586726316666664,1.0,0.0,40.0
E:\Users\Matt\Documents\IMG\center_2018_04_24_15_46_50_514.jpg,E:\Users\Matt\Documents\IMG\left_2018_04_24_15_46_50_514.jpg,E:\Users\Matt\Documents\IMG\right_2018_04_24_15_46_50_514.jpg,0.15885943333333333,1.0,0.0,40.0
E:\Users\Matt\Documents\IMG\center_2018_04_24_15_46_50_950.jpg,E:\Users\Matt\Documents\IMG\left_2018_04_24_15_46_50_950.jpg,E:\Users\Matt\Documents\IMG\right_2018_04_24_15_46_50_950.jpg,-0.05378131666666667,1.0,0.0,40.0
E:\Users\Matt\Documents\IMG\center_2018_04_24_15_46_51_507.jpg,E:\Users\Matt\Documents\IMG\left_2018_04_24_15_46_51_507.jpg,E:\Users\Matt\Documents\IMG\right_2018_04_24_15_46_51_507.jpg,-0.02806278333333333,1.0,0.0,40.0
E:\Users\Matt\Documents\IMG\center_2018_04_24_15_46_52_017.jpg,E:\Users\Matt\Documents\IMG\left_2018_04_24_15_46_52_017.jpg,E:\Users\Matt\Documents\IMG\right_2018_04_24_15_46_52_017.jpg,0.0,1.0,0.6462522333333333,40.0
E:\Users\Matt\Documents\IMG\center_2018_04_24_15_46_52_506.jpg,E:\Users\Matt\Documents\IMG\left_2018_04_24_15_46_52_506.jpg,E:\Users\Matt\Documents\IMG\right_2018_04_24_15_46_52_506.jpg,0.23525283333333333,1.0,0.0,40.0
E:\Users\Matt\Documents\IMG\center_2018_04_24_15_46_52_985.jpg,E:\Users\Matt\Documents\IMG\left_2018_04_24_15_46_52_985.jpg,E:\Users\Matt\Documents\IMG\right_2018_04_24_15_46_52_985.jpg,0.3145746166666667,1.0,0.0,40.0
E:\Users\Matt\Documents\IMG\center_2018_04_24_15_46_53_430.jpg,E:\Users\Matt\Documents\IMG\left_2018_04_24_15_46_53_430.jpg,E:\Users\Matt\Documents\IMG\right_2018_04_24_15_46_53_430.jpg,0.2101497,1.0,0.0,40.0
E:\Users\Matt\Documents\IMG\center_2018_04_24_15_46_53_866.jpg,E:\Users\Matt\Documents\IMG\left_2018_04_24_15_46_53_866.jpg,E:\Users\Matt\Documents\IMG\right_2018_04_24_15_46_53_866.jpg,0.4434390833333333,1.0,0.0,40.0
E:\Users\Matt\Documents\IMG\center_2018_04_24_15_46_54_333.jpg,E:\Users\Matt\Documents\IMG\left_2018_04_24_15_46_54_333.jpg,E:\Users\Matt\Documents\IMG\right_2018_04_24_15_46_54_333.jpg,0.46428051666666664,1.0,0.0,40.0
E:\Users\Matt\Documents\IMG\center_2018_04_24_15_46_54_837.jpg,E:\Users\Matt\Documents\IMG\left_2018_04_24_15_46_54_837.jpg,E:\Users\Matt\Documents\IMG\right_2018_04_24_15_46_54_837.jpg,0.0,1.0,0.0,40.0
E:\Users\Matt\Documents\IMG\center_2018_04_24_15_46_55_356.jpg,E:\Users\Matt\Documents\IMG\left_2018_04_24_15_46_55_356.jpg,E:\Users\Matt\Documents\IMG\right_2018_04_24_15_46_55_356.jpg,0.19142238733333336,1.0,0.0,40.0
E:\Users\Matt\Documents\IMG\center_2018_04_24_15_46_55_852.jpg,E:\Users\Matt\Documents\IMG\left_2018_04_24_15_46_55_852.jpg,E:\Users\Matt\Documents\IMG\right_2018_04_24_15_46_55_852.jpg,0.048682399999999994,1.0,0.0,40.0
E:\Users\Matt\Documents\IMG\center_2018_04_24_15_46_56_354.jpg,E:\Users\Matt\Documents\IMG\left_2018_04_24_15_46_56_354.jpg,E:\Users\Matt\Documents\IMG\right_2018_04_24_15_46_56_354.jpg,0.011120873333333335,1.0,0.0,40.0
E:\Users\Matt\Documents\IMG\center_2018_04_24_15_46_56_860.jpg,E:\Users\Matt\Documents\IMG\left_2018_04_24_15_46_56_860.jpg,E:\Users\Matt\Documents\IMG\right_2018_04_24_15_46_56_860.jpg,-0.3003349166666667,1.0,0.0,40.0
E:\Users\Matt\Documents\IMG\center_2018_04_24_15_46_57_365.jpg,E:\Users\Matt\Documents\IMG\left_2018_04_24_15_46_57_365.jpg,E:\Users\Matt\Documents\IMG\right_2018_04_24_15_46_57_365.jpg,0.0,1.0,0.0,40.0
E:\Users\Matt\Documents\IMG\center_2018_04_24_15_46_57_862.jpg,E:\Users\Matt\Documents\IMG\left_2018_04_24_15_46_57_862.jpg,E:\Users\Matt\Documents\IMG\right_2018_04_24_15_46_57_862.jpg,-0.06249715,1.0,0.0,40.0
E:\Users\Matt\Documents\IMG\center_2018_04_24_15_46_58_324.jpg,E:\Users\Matt\Documents\IMG\left_2018_04_24_15_46_58_324.jpg,E:\Users\Matt\Documents\IMG\right_2018_04_24_15_46_58_324.jpg,-0.056793383333333336,1.0,0.3333333333333333,40.0
E:\Users\Matt\Documents\IMG\center_2018_04_24_15_46_58_856.jpg,E:\Users\Matt\Documents\IMG\left_2018_04_24_15_46_58_856.jpg,E:\Users\Matt\Documents\IMG\right_2018_04_24_15_46_58_856.jpg,-0.16666666666666666,1.0,0.0,40.0
E:\Users\Matt\Documents\IMG\center_2018_04_24_15_46_59_379.jpg,E:\Users\Matt\Documents\IMG\left_2018_04_24_15_46_59_379.jpg,E:\Users\Matt\Documents\IMG\right_2018_04_24_15_46_59_379.jpg,0.08740765,1.0,0.0,40.0
E:\Users\Matt\Documents\IMG\center_2018_04_24_15_46_59_916.jpg,E:\Users\Matt\Documents\IMG\left_2018_04_24_15_46_59_916.jpg,E:\Users\Matt\Documents\IMG\right_2018_04_24_15_46_59_916.jpg,-0.30477666666666664,1.0,0.0,40.0
E:\Users\Matt\Documents\IMG\center_2018_04_24_15_47_00_481.jpg,E:\Users\Matt\Documents\IMG\left_2018_04_24_15_47_00_481.jpg,E:\Users\Matt\Documents\IMG\right_2018_04_24_15_47_00_481.jpg,-0.27253805000000003,1.0,0.0,40.0
E:\Users\Matt\Documents\IMG\center_2018_04_24_15_47_01_048.jpg,E:\Users\Matt\Documents\IMG\left_2018_04_24_15_47_01_048.jpg,E:\Users\Matt\Documents\IMG\right_2018_04_24_15_47_01_048.jpg,-0.023696533333333335,1.0,0.0,40.0
E:\Users\Matt\Documents\IMG\center_2018_04_24_15_47_01_550.jpg,E:\Users\Matt\Documents\IMG\left_2018_04_24_15_47_01_550.jpg,E:\Users\Matt\Documents\IMG\right_2018_04_24_15_47_01_550.jpg,-0.0005442695000000001,1.0,0.0,40.0
E:\Users\Matt\Documents\IMG\center_2018_04_24_15_47_02_100.jpg,E:\Users\Matt\Documents\IMG\left_2018_04_24_15_47_02_100.jpg,E:\Users\Matt\Documents\IMG\right_2018_04_24_15_47_02_100.jpg,-0.38107183166666664,1.0,0.0,40.0
E:\Users\Matt\Documents\IMG\center_2018_04_24_15_47_02_590.jpg,E:\Users\Matt\Documents\IMG\left_2018_04_24_15_47_02_590.jpg,E:\Users\Matt\Documents\IMG\right_2018_04_24_15_47_02_590.jpg,-0.1427357466666667,1.0,0.0,40.0
E:\Users\Matt\Documents\IMG\center_2018_04_24_15_47_03_090.jpg,E:\Users\Matt\Documents\IMG\left_2018_04_24_15_47_03_090.jpg,E:\Users\Matt\Documents\IMG\right_2018_04_24_15_47_03_090.jpg,0.22617685166666665,1.0,0.26046473666666664,40.0
E:\Users\Matt\Documents\IMG\center_2018_04_24_15_47_03_687.jpg,E:\Users\Matt\Documents\IMG\left_2018_04_24_15_47_03_687.jpg,E:\Users\Matt\Documents\IMG\right_2018_04_24_15_47_03_687.jpg,-0.06788286666666667,1.0,0.5924249333333333,40.0
E:\Users\Matt\Documents\IMG\center_2018_04_24_15_47_04_220.jpg,E:\Users\Matt\Documents\IMG\left_2018_04_24_15_47_04_220.jpg,E:\Users\Matt\Documents\IMG\right_2018_04_24_15_47_04_220.jpg,0.0,1.0,0.0,40.0
E:\Users\Matt\Documents\IMG\center_2018_04_24_15_47_04_686.jpg,E:\Users\Matt\Documents\IMG\left_2018_04_24_15_47_04_686.jpg,E:\Users\Matt\Documents\IMG\right_2018_04_24_15_47_04_686.jpg,-0.16947153783333335,1.0,0.0,40.0
E:\Users\Matt\Documents\IMG\center_2018_04_24_15_47_05_160.jpg,E:\Users\Matt\Documents\IMG\left_2018_04_24_15_47_05_160.jpg,E:\Users\Matt\Documents\IMG\right_2018_04_24_15_47_05_160.jpg,-0.04550501666666667,1.0,0.0,40.0
E:\Users\Matt\Documents\IMG\center_2018_04_24_15_47_05_678.jpg,E:\Users\Matt\Documents\IMG\left_2018_04_24_15_47_05_678.jpg,E:\Users\Matt\Documents\IMG\right_2018_04_24_15_47_05_678.jpg,0.034225105,1.0,0.0,40.0
E:\Users\Matt\Documents\IMG\center_2018_04_24_15_47_06_218.jpg,E:\Users\Matt\Documents\IMG\left_2018_04_24_15_47_06_218.jpg,E:\Users\Matt\Documents\IMG\right_2018_04_24_15_47_06_218.jpg,-0.06098381666666666,1.0,0.0,40.0
E:\Users\Matt\Documents\IMG\center_2018_04_24_15_47_06_727.jpg,E:\Users\Matt\Documents\IMG\left_2018_04_24_15_47_06_727.jpg,E:\Users\Matt\Documents\IMG\right_2018_04_24_15_47_06_727.jpg,-0.09873169999999999,1.0,0.0,40.0
E:\Users\Matt\Documents\IMG\center_2018_04_24_15_47_07_199.jpg,E:\Users\Matt\Documents\IMG\left_2018_04_24_15_47_07_199.jpg,E:\Users\Matt\Documents\IMG\right_2018_04_24_15_47_07_199.jpg,0.15664470166666666,1.0,0.0,40.0
E:\Users\Matt\Documents\IMG\center_2018_04_24_15_47_07_705.jpg,E:\Users\Matt\Documents\IMG\left_2018_04_24_15_47_07_705.jpg,E:\Users\Matt\Documents\IMG\right_2018_04_24_15_47_07_705.jpg,-0.05718898333333333,1.0,0.0,40.0
E:\Users\Matt\Documents\IMG\center_2018_04_24_15_47_08_295.jpg,E:\Users\Matt\Documents\IMG\left_2018_04_24_15_47_08_295.jpg,E:\Users\Matt\Documents\IMG\right_2018_04_24_15_47_08_295.jpg,0.128661495,1.0,0.0,40.0
E:\Users\Matt\Documents\IMG\center_2018_04_24_15_47_08_847.jpg,E:\Users\Matt\Documents\IMG\left_2018_04_24_15_47_08_847.jpg,E:\Users\Matt\Documents\IMG\right_2018_04_24_15_47_08_847.jpg,-0.168075465,1.0,0.0,40.0
E:\Users\Matt\Documents\IMG\center_2018_04_24_15_47_09_398.jpg,E:\Users\Matt\Documents\IMG\left_2018_04_24_15_47_09_398.jpg,E:\Users\Matt\Documents\IMG\right_2018_04_24_15_47_09_398.jpg,-0.3210444833333333,1.0,0.0,40.0
E:\Users\Matt\Documents\IMG\center_2018_04_24_15_47_09_852.jpg,E:\Users\Matt\Documents\IMG\left_2018_04_24_15_47_09_852.jpg,E:\Users\Matt\Documents\IMG\right_2018_04_24_15_47_09_852.jpg,0.0,1.0,0.0,40.0
E:\Users\Matt\Documents\IMG\center_2018_04_24_15_47_10_341.jpg,E:\Users\Matt\Documents\IMG\left_2018_04_24_15_47_10_341.jpg,E:\Users\Matt\Documents\IMG\right_2018_04_24_15_47_10_341.jpg,0.18253700333333334,1.0,0.0,40.0
E:\Users\Matt\Documents\IMG\center_2018_04_24_15_47_10_913.jpg,E:\Users\Matt\Documents\IMG\left_2018_04_24_15_47_10_913.jpg,E:\Users\Matt\Documents\IMG\right_2018_04_24_15_47_10_913.jpg,-0.06116591666666666,1.0,0.0,40.0
E:\Users\Matt\Documents\IMG\center_2018_04_24_15_47_11_434.jpg,E:\Users\Matt\Documents\IMG\left_2018_04_24_15_47_11_434.jpg,E:\Users\Matt\Documents\IMG\right_2018_04_24_15_47_11_434.jpg,-0.19189962833333332,1.0,0.0,40.0
E:\Users\Matt\Documents\IMG\center_2018_04_24_15_47_11_860.jpg,E:\Users\Matt\Documents\IMG\left_2018_04_24_15_47_11_860.jpg,E:\Users\Matt\Documents\IMG\right_2018_04_24_15_47_11_860.jpg,0.0,1.0,0.0,40.0
E:\Users\Matt\Documents\IMG\center_2018_04_24_15_47_12_293.jpg,E:\Users\Matt\Documents\IMG\left_2018_04_24_15_47_12_293.jpg,E:\Users\Matt\Documents\IMG\right_2018_04_24_15_47_12_293.jpg,0.28678187,1.0,0.0,40.0
E:\Users\Matt\Documents\IMG\center_2018_04_24_15_47_12_764.jpg,E:\Users\Matt\Documents\IMG\left_2018_04_24_15_47_12_764.jpg,E:\Users\Matt\Documents\IMG\right_2018_04_24_15_47_12_764.jpg,-0.1359582,1.0,0.0,40.0
E:\Users\Matt\Documents\IMG\center_2018_04_24_15_47_13_201.jpg,E:\Users\Matt\Documents\IMG\left_2018_04_24_15_47_13_201.jpg,E:\Users\Matt\Documents\IMG\right_2018_04_24_15_47_13_201.jpg,-0.18069287833333333,1.0,0.0,40.0
E:\Users\Matt\Documents\IMG\center_2018_04_24_15_47_13_631.jpg,E:\Users\Matt\Documents\IMG\left_2018_04_24_15_47_13_631.jpg,E:\Users\Matt\Documents\IMG\right_2018_04_24_15_47_13_631.jpg,0.0,1.0,0.0,40.0
E:\Users\Matt\Documents\IMG\center_2018_04_24_15_47_14_047.jpg,E:\Users\Matt\Documents\IMG\left_2018_04_24_15_47_14_047.jpg,E:\Users\Matt\Documents\IMG\right_2018_04_24_15_47_14_047.jpg,0.0018692316666666668,1.0,0.0,40.0
E:\Users\Matt\Documents\IMG\center_2018_04_24_15_47_14_466.jpg,E:\Users\Matt\Documents\IMG\left_2018_04_24_15_47_14_466.jpg,E:\Users\Matt\Documents\IMG\right_2018_04_24_15_47_14_466.jpg,0.004079591666666667,1.0,0.0,40.0
E:\Users\Matt\Documents\IMG\center_2018_04_24_15_47_14_938.jpg,E:\Users\Matt\Documents\IMG\left_2018_04_24_15_47_14_938.jpg,E:\Users\Matt\Documents\IMG\right_2018_04_24_15_47_14_938.jpg,-0.10756683333333333,1.0,0.5020262183333334,40.0
E:\Users\Matt\Documents\IMG\center_2018_04_24_15_47_15_443.jpg,E:\Users\Matt\Documents\IMG\left_2018_04_24_15_47_15_443.jpg,E:\Users\Matt\Documents\IMG\right_2018_04_24_15_47_15_443.jpg,0.0,1.0,0.5,40.0
E:\Users\Matt\Documents\IMG\center_2018_04_24_15_47_16_002.jpg,E:\Users\Matt\Documents\IMG\left_2018_04_24_15_47_16_002.jpg,E:\Users\Matt\Documents\IMG\right_2018_04_24_15_47_16_002.jpg,-0.00839984,1.0,0.5,40.0
E:\Users\Matt\Documents\IMG\center_2018_04_24_15_47_16_499.jpg,E:\Users\Matt\Documents\IMG\left_2018_04_24_15_47_16_499.jpg,E:\Users\Matt\Documents\IMG\right_2018_04_24_15_47_16_499.jpg,-0.4418923283333333,1.0,0.48975825,40.0
E:\Users\Matt\Documents\IMG\center_2018_04_24_15_47_16_999.jpg,E:\Users\Matt\Documents\IMG\left_2018_04_24_15_47_16_999.jpg,E:\Users\Matt\Documents\IMG\right_2018_04_24_15_47_16_999.jpg,-0.05633703333333335,1.0,0.0,40.0
E:\Users\Matt\Documents\IMG\center_2018_04_24_15_47_17_510.jpg,E:\Users\Matt\Documents\IMG\left_2018_04_24_15_47_17_510.jpg,E:\Users\Matt\Documents\IMG\right_2018_04_24_15_47_17_510.jpg,-0.12238834999999999,1.0,0.0,40.0
E:\Users\Matt\Documents\IMG\center_2018_04_24_15_47_18_009.jpg,E:\Users\Matt\Documents\IMG\left_2018_04_24_15_47_18_009.jpg,E:\Users\Matt\Documents\IMG\right_2018_04_24_15_47_18_009.jpg,-0.05664283,1.0,0.0,40.0
E:\Users\Matt\Documents\IMG\center_2018_04_24_15_47_18_512.jpg,E:\Users\Matt\Documents\IMG\left_2018_04_24_15_47_18_512.jpg,E:\Users\Matt\Documents\IMG\right_2018_04_24_15_47_18_512.jpg,-0.20236321666666668,1.0,0.0,40.0
E:\Users\Matt\Documents\IMG\center_2018_04_24_15_47_19_011.jpg,E:\Users\Matt\Documents\IMG\left_2018_04_24_15_47_19_011.jpg,E:\Users\Matt\Documents\IMG\right_2018_04_24_15_47_19_011.jpg,-0.10549871666666666,1.0,0.0,40.0
E:\Users\Matt\Documents\IMG\center_2018_04_24_15_47_19_539.jpg,E:\Users\Matt\Documents\IMG\left_2018_04_24_15_47_19_539.jpg,E:\Users\Matt\Documents\IMG\right_2018_04_24_15_47_19_539.jpg,0.09191001666666666,1.0,0.0,40.0
E:\Users\Matt\Documents\IMG\center_2018_04_24_15_47_20_084.jpg,E:\Users\Matt\Documents\IMG\left_2018_04_24_15_47_20_084.jpg,E:\Users\Matt\Documents\IMG\right_2018_04_24_15_47_20_084.jpg,-0.009745835,1.0,0.6666666666666666,40.0
E:\Users\Matt\Documents\IMG\center_2018_04_24_15_47_20_580.jpg,E:\Users\Matt\Documents\IMG\left_2018_04_24_15_47_20_580.jpg,E:\Users\Matt\Documents\IMG\right_2018_04_24_15_47_20_580.jpg,-0.41092421500000004,1.0,0.16666666666666666,40.0
E:\Users\Matt\Documents\IMG\center_2018_04_24_15_47_21_100.jpg,E:\Users\Matt\Documents\IMG\left_2018_04_24_15_47_21_100.jpg,E:\Users\Matt\Documents\IMG\right_2018_04_24_15_47_21_100.jpg,0.0,1.0,0.0,40.0
E:\Users\Matt\Documents\IMG\center_2018_04_24_15_47_21_614.jpg,E:\Users\Matt\Documents\IMG\left_2018_04_24_15_47_21_614.jpg,E:\Users\Matt\Documents\IMG\right_2018_04_24_15_47_21_614.jpg,-0.057207833333333326,1.0,0.0,40.0
E:\Users\Matt\Documents\IMG\center_2018_04_24_15_47_22_122.jpg,E:\Users\Matt\Documents\IMG\left_2018_04_24_15_47_22_122.jpg,E:\Users\Matt\Documents\IMG\right_2018_04_24_15_47_22_122.jpg,-0.13815176666666668,1.0,0.0,40.0
E:\Users\Matt\Documents\IMG\center_2018_04_24_15_47_22_634.jpg,E:\Users\Matt\Documents\IMG\left_2018_04_24_15_47_22_634.jpg,E:\Users\Matt\Documents\IMG\right_2018_04_24_15_47_22_634.jpg,0.052607049999999995,1.0,0.0,40.0
E:\Users\Matt\Documents\IMG\center_2018_04_24_15_47_23_108.jpg,E:\Users\Matt\Documents\IMG\left_2018_04_24_15_47_23_108.jpg,E:\Users\Matt\Documents\IMG\right_2018_04_24_15_47_23_108.jpg,0.16666666666666666,1.0,0.0,40.0
E:\Users\Matt\Documents\IMG\center_2018_04_24_15_47_23_586.jpg,E:\Users\Matt\Documents\IMG\left_2018_04_24_15_47_23_586.jpg,E:\Users\Matt\Documents\IMG\right_2018_04_24_15_47_23_586.jpg,-0.3517802666666667,1.0,0.0,40.0
E:\Users\Matt\Documents\IMG\center_2018_04_24_15_47_24_049.jpg,E:\Users\Matt\Documents\IMG\left_2018_04_24_15_47_24_049.jpg,E:\Users\Matt\Documents\IMG\right_2018_04_24_15_47_24_049.jpg,0.037057128333333335,1.0,0.0,40.0
E:\Users\Matt\Documents\IMG\center_2018_04_24_15_47_24_534.jpg,E:\Users\Matt\Documents\IMG\left_2018_04_24_15_47_24_534.jpg,E:\Users\Matt\Documents\IMG\right_2018_04_24_15_47_24_534.jpg,-0.03650863333333333,1.0,0.0,40.0
E:\Users\Matt\Documents\IMG\center_2018_04_24_15_47_25_032.jpg,E:\Users\Matt\Documents\IMG\left_2018_04_24_15_47_25_032.jpg,E:\Users\Matt\Documents\IMG\right_2018_04_24_15_47_25_032.jpg,-0.30292205,1.0,0.0,40.0
E:\Users\Matt\Documents\IMG\center_2018_04_24_15_47_25_507.jpg,E:\Users\Matt\Documents\IMG\left_2018_04_24_15_47_25_507.jpg,E:\Users\Matt\Documents\IMG\right_2018_04_24_15_47_25_507.jpg,0.0,1.0,0.0,40.0
E:\Users\Matt\Documents\IMG\center_2018_04_24_15_47_25_969.jpg,E:\Users\Matt\Documents\IMG\left_2018_04_24_15_47_25_969.jpg,E:\Users\Matt\Documents\IMG\right_2018_04_24_15_47_25_969.jpg,0.00041868283333333336,1.0,0.0,40.0
E:\Users\Matt\Documents\IMG\center_2018_04_24_15_47_26_483.jpg,E:\Users\Matt\Documents\IMG\left_2018_04_24_15_47_26_483.jpg,E:\Users\Matt\Documents\IMG\right_2018_04_24_15_47_26_483.jpg,0.018773466666666665,1.0,0.0,40.0
E:\Users\Matt\Documents\IMG\center_2018_04_24_15_47_27_033.jpg,E:\Users\Matt\Documents\IMG\left_2018_04_24_15_47_27_033.jpg,E:\Users\Matt\Documents\IMG\right_2018_04_24_15_47_27_033.jpg,-0.06531236666666666,1.0,0.0,40.0
E:\Users\Matt\Documents\IMG\center_2018_04_24_15_47_27_485.jpg,E:\Users\Matt\Documents\IMG\left_2018_04_24_15_47_27_485.jpg,E:\Users\Matt\Documents\IMG\right_2018_04_24_15_47_27_485.jpg,0.15550606666666666,1.0,0.0,40.0
E:\Users\Matt\Documents\IMG\center_2018_04_24_15_47_27_945.jpg,E:\Users\Matt\Documents\IMG\left_2018_04_24_15_47_27_945.jpg,E:\Users\Matt\Documents\IMG\right_2018_04_24_15_47_27_945.jpg,0.16666666666666666,1.0,0.16666666666666666,40.0
E:\Users\Matt\Documents\IMG\center_2018_04_24_15_47_28_411.jpg,E:\Users\Matt\Documents\IMG\left_2018_04_24_15_47_28_411.jpg,E:\Users\Matt\Documents\IMG\right_2018_04_24_15_47_28_411.jpg,-0.10895868333333332,1.0,0.5382208666666667,40.0
E:\Users\Matt\Documents\IMG\center_2018_04_24_15_47_28_872.jpg,E:\Users\Matt\Documents\IMG\left_2018_04_24_15_47_28_872.jpg,E:\Users\Matt\Documents\IMG\right_2018_04_24_15_47_28_872.jpg,-0.7659550166666667,1.0,0.0,40.0
E:\Users\Matt\Documents\IMG\center_2018_04_24_15_47_29_316.jpg,E:\Users\Matt\Documents\IMG\left_2018_04_24_15_47_29_316.jpg,E:\Users\Matt\Documents\IMG\right_2018_04_24_15_47_29_316.jpg,-0.020893871666666664,1.0,0.0,40.0
E:\Users\Matt\Documents\IMG\center_2018_04_24_15_47_29_892.jpg,E:\Users\Matt\Documents\IMG\left_2018_04_24_15_47_29_892.jpg,E:\Users\Matt\Documents\IMG\right_2018_04_24_15_47_29_892.jpg,-0.13475677576666667,1.0,0.0,40.0
E:\Users\Matt\Documents\IMG\center_2018_04_24_15_47_30_417.jpg,E:\Users\Matt\Documents\IMG\left_2018_04_24_15_47_30_417.jpg,E:\Users\Matt\Documents\IMG\right_2018_04_24_15_47_30_417.jpg,-0.08836843333333333,1.0,0.6207765666666667,40.0
E:\Users\Matt\Documents\IMG\center_2018_04_24_15_47_30_920.jpg,E:\Users\Matt\Documents\IMG\left_2018_04_24_15_47_30_920.jpg,E:\Users\Matt\Documents\IMG\right_2018_04_24_15_47_30_920.jpg,0.22866146666666665,1.0,0.0,40.0
E:\Users\Matt\Documents\IMG\center_2018_04_24_15_47_31_477.jpg,E:\Users\Matt\Documents\IMG\left_2018_04_24_15_47_31_477.jpg,E:\Users\Matt\Documents\IMG\right_2018_04_24_15_47_31_477.jpg,0.3990957833333333,1.0,0.0,40.0
E:\Users\Matt\Documents\IMG\center_2018_04_24_15_47_31_989.jpg,E:\Users\Matt\Documents\IMG\left_2018_04_24_15_47_31_989.jpg,E:\Users\Matt\Documents\IMG\right_2018_04_24_15_47_31_989.jpg,0.3333333333333333,1.0,0.0,40.0
E:\Users\Matt\Documents\IMG\center_2018_04_24_15_47_32_478.jpg,E:\Users\Matt\Documents\IMG\left_2018_04_24_15_47_32_478.jpg,E:\Users\Matt\Documents\IMG\right_2018_04_24_15_47_32_478.jpg,0.2820407333333333,1.0,0.5,40.0
E:\Users\Matt\Documents\IMG\center_2018_04_24_15_47_33_011.jpg,E:\Users\Matt\Documents\IMG\left_2018_04_24_15_47_33_011.jpg,E:\Users\Matt\Documents\IMG\right_2018_04_24_15_47_33_011.jpg,-0.5082010666666666,1.0,0.7727661499999999,40.0
E:\Users\Matt\Documents\IMG\center_2018_04_24_15_47_33_494.jpg,E:\Users\Matt\Documents\IMG\left_2018_04_24_15_47_33_494.jpg,E:\Users\Matt\Documents\IMG\right_2018_04_24_15_47_33_494.jpg,-0.9851365833333334,1.0,0.07053278333333333,40.0
E:\Users\Matt\Documents\IMG\center_2018_04_24_15_47_33_925.jpg,E:\Users\Matt\Documents\IMG\left_2018_04_24_15_47_33_925.jpg,E:\Users\Matt\Documents\IMG\right_2018_04_24_15_47_33_925.jpg,-1.0,1.0,0.0,40.0
E:\Users\Matt\Documents\IMG\center_2018_04_24_15_47_34_440.jpg,E:\Users\Matt\Documents\IMG\left_2018_04_24_15_47_34_440.jpg,E:\Users\Matt\Documents\IMG\right_2018_04_24_15_47_34_440.jpg,-0.16666666666666666,1.0,0.0,40.0
E:\Users\Matt\Documents\IMG\center_2018_04_24_15_47_35_000.jpg,E:\Users\Matt\Documents\IMG\left_2018_04_24_15_47_35_000.jpg,E:\Users\Matt\Documents\IMG\right_2018_04_24_15_47_35_000.jpg,0.9903987333333334,1.0,0.0,40.0
E:\Users\Matt\Documents\IMG\center_2018_04_24_15_47_35_485.jpg,E:\Users\Matt\Documents\IMG\left_2018_04_24_15_47_35_485.jpg,E:\Users\Matt\Documents\IMG\right_2018_04_24_15_47_35_485.jpg,0.9870769,1.0,0.0,40.0
E:\Users\Matt\Documents\IMG\center_2018_04_24_15_47_35_935.jpg,E:\Users\Matt\Documents\IMG\left_2018_04_24_15_47_35_935.jpg,E:\Users\Matt\Documents\IMG\right_2018_04_24_15_47_35_935.jpg,0.9870769,1.0,0.0,40.0
E:\Users\Matt\Documents\IMG\center_2018_04_24_15_47_36_410.jpg,E:\Users\Matt\Documents\IMG\left_2018_04_24_15_47_36_410.jpg,E:\Users\Matt\Documents\IMG\right_2018_04_24_15_47_36_410.jpg,0.7934631500000001,1.0,0.0,40.0
E:\Users\Matt\Documents\IMG\center_2018_04_24_15_47_36_941.jpg,E:\Users\Matt\Documents\IMG\left_2018_04_24_15_47_36_941.jpg,E:\Users\Matt\Documents\IMG\right_2018_04_24_15_47_36_941.jpg,0.052023051666666674,1.0,0.0,40.0
E:\Users\Matt\Documents\IMG\center_2018_04_24_15_47_37_462.jpg,E:\Users\Matt\Documents\IMG\left_2018_04_24_15_47_37_462.jpg,E:\Users\Matt\Documents\IMG\right_2018_04_24_15_47_37_462.jpg,0.20239456666666666,1.0,0.0,40.0
E:\Users\Matt\Documents\IMG\center_2018_04_24_15_47_37_945.jpg,E:\Users\Matt\Documents\IMG\left_2018_04_24_15_47_37_945.jpg,E:\Users\Matt\Documents\IMG\right_2018_04_24_15_47_37_945.jpg,-0.13809964833333335,1.0,0.0,40.0
E:\Users\Matt\Documents\IMG\center_2018_04_24_15_47_38_425.jpg,E:\Users\Matt\Documents\IMG\left_2018_04_24_15_47_38_425.jpg,E:\Users\Matt\Documents\IMG\right_2018_04_24_15_47_38_425.jpg,-0.022999679999999998,1.0,0.0,40.0
E:\Users\Matt\Documents\IMG\center_2018_04_24_15_47_38_934.jpg,E:\Users\Matt\Documents\IMG\left_2018_04_24_15_47_38_934.jpg,E:\Users\Matt\Documents\IMG\right_2018_04_24_15_47_38_934.jpg,-0.056799666666666686,1.0,0.0,40.0
E:\Users\Matt\Documents\IMG\center_2018_04_24_15_47_39_428.jpg,E:\Users\Matt\Documents\IMG\left_2018_04_24_15_47_39_428.jpg,E:\Users\Matt\Documents\IMG\right_2018_04_24_15_47_39_428.jpg,-0.3239814166666667,1.0,0.0,40.0
E:\Users\Matt\Documents\IMG\center_2018_04_24_15_47_39_910.jpg,E:\Users\Matt\Documents\IMG\left_2018_04_24_15_47_39_910.jpg,E:\Users\Matt\Documents\IMG\right_2018_04_24_15_47_39_910.jpg,0.0,1.0,0.0,40.0
E:\Users\Matt\Documents\IMG\center_2018_04_24_15_47_40_407.jpg,E:\Users\Matt\Documents\IMG\left_2018_04_24_15_47_40_407.jpg,E:\Users\Matt\Documents\IMG\right_2018_04_24_15_47_40_407.jpg,0.17213823333333333,1.0,0.0,40.0
E:\Users\Matt\Documents\IMG\center_2018_04_24_15_47_40_902.jpg,E:\Users\Matt\Documents\IMG\left_2018_04_24_15_47_40_902.jpg,E:\Users\Matt\Documents\IMG\right_2018_04_24_15_47_40_902.jpg,-0.1909850266666667,1.0,0.0,40.0
E:\Users\Matt\Documents\IMG\center_2018_04_24_15_47_41_422.jpg,E:\Users\Matt\Documents\IMG\left_2018_04_24_15_47_41_422.jpg,E:\Users\Matt\Documents\IMG\right_2018_04_24_15_47_41_422.jpg,-0.03809951333333333,1.0,0.0,40.0
E:\Users\Matt\Documents\IMG\center_2018_04_24_15_47_41_969.jpg,E:\Users\Matt\Documents\IMG\left_2018_04_24_15_47_41_969.jpg,E:\Users\Matt\Documents\IMG\right_2018_04_24_15_47_41_969.jpg,0.18076837333333332,1.0,0.0,40.0
E:\Users\Matt\Documents\IMG\center_2018_04_24_15_47_42_475.jpg,E:\Users\Matt\Documents\IMG\left_2018_04_24_15_47_42_475.jpg,E:\Users\Matt\Documents\IMG\right_2018_04_24_15_47_42_475.jpg,-0.11301330999999999,1.0,0.0,40.0
E:\Users\Matt\Documents\IMG\center_2018_04_24_15_47_43_025.jpg,E:\Users\Matt\Documents\IMG\left_2018_04_24_15_47_43_025.jpg,E:\Users\Matt\Documents\IMG\right_2018_04_24_15_47_43_025.jpg,-0.06723405333333334,1.0,0.0,40.0
E:\Users\Matt\Documents\IMG\center_2018_04_24_15_47_43_576.jpg,E:\Users\Matt\Documents\IMG\left_2018_04_24_15_47_43_576.jpg,E:\Users\Matt\Documents\IMG\right_2018_04_24_15_47_43_576.jpg,-0.05729778333333333,1.0,0.0,40.0
E:\Users\Matt\Documents\IMG\center_2018_04_24_15_47_44_158.jpg,E:\Users\Matt\Documents\IMG\left_2018_04_24_15_47_44_158.jpg,E:\Users\Matt\Documents\IMG\right_2018_04_24_15_47_44_158.jpg,0.0,1.0,0.5,40.0
E:\Users\Matt\Documents\IMG\center_2018_04_24_15_47_44_636.jpg,E:\Users\Matt\Documents\IMG\left_2018_04_24_15_47_44_636.jpg,E:\Users\Matt\Documents\IMG\right_2018_04_24_15_47_44_636.jpg,-0.012613341666666666,1.0,0.0,40.0
E:\Users\Matt\Documents\IMG\center_2018_04_24_15_47_45_153.jpg,E:\Users\Matt\Documents\IMG\left_2018_04_24_15_47_45_153.jpg,E:\Users\Matt\Documents\IMG\right_2018_04_24_15_47_45_153.jpg,-0.16190907166666668,1.0,0.64721095,40.0
E:\Users\Matt\Documents\IMG\center_2018_04_24_15_47_45_715.jpg,E:\Users\Matt\Documents\IMG\left_2018_04_24_15_47_45_715.jpg,E:\Users\Matt\Documents\IMG\right_2018_04_24_15_47_45_715.jpg,-0.17370386666666668,1.0,0.0,40.0
E:\Users\Matt\Documents\IMG\center_2018_04_24_15_47_46_266.jpg,E:\Users\Matt\Documents\IMG\left_2018_04_24_15_47_46_266.jpg,E:\Users\Matt\Documents\IMG\right_2018_04_24_15_47_46_266.jpg,-0.033027766666666666,1.0,0.0,40.0
E:\Users\Matt\Documents\IMG\center_2018_04_24_15_47_46_699.jpg,E:\Users\Matt\Documents\IMG\left_2018_04_24_15_47_46_699.jpg,E:\Users\Matt\Documents\IMG\right_2018_04_24_15_47_46_699.jpg,-0.07901206666666667,1.0,0.0,40.0
E:\Users\Matt\Documents\IMG\center_2018_04_24_15_47_47_191.jpg,E:\Users\Matt\Documents\IMG\left_2018_04_24_15_47_47_191.jpg,E:\Users\Matt\Documents\IMG\right_2018_04_24_15_47_47_191.jpg,0.027499693333333325,1.0,0.0,40.0
E:\Users\Matt\Documents\IMG\center_2018_04_24_15_47_47_684.jpg,E:\Users\Matt\Documents\IMG\left_2018_04_24_15_47_47_684.jpg,E:\Users\Matt\Documents\IMG\right_2018_04_24_15_47_47_684.jpg,-0.2036924,1.0,0.0,40.0
E:\Users\Matt\Documents\IMG\center_2018_04_24_15_47_48_160.jpg,E:\Users\Matt\Documents\IMG\left_2018_04_24_15_47_48_160.jpg,E:\Users\Matt\Documents\IMG\right_2018_04_24_15_47_48_160.jpg,-0.1231710666666667,1.0,0.0,40.0
E:\Users\Matt\Documents\IMG\center_2018_04_24_15_47_48_626.jpg,E:\Users\Matt\Documents\IMG\left_2018_04_24_15_47_48_626.jpg,E:\Users\Matt\Documents\IMG\right_2018_04_24_15_47_48_626.jpg,-0.32038513333333335,1.0,0.0,40.0
E:\Users\Matt\Documents\IMG\center_2018_04_24_15_47_49_134.jpg,E:\Users\Matt\Documents\IMG\left_2018_04_24_15_47_49_134.jpg,E:\Users\Matt\Documents\IMG\right_2018_04_24_15_47_49_134.jpg,-0.07681426666666667,1.0,0.0,40.0
E:\Users\Matt\Documents\IMG\center_2018_04_24_15_47_49_683.jpg,E:\Users\Matt\Documents\IMG\left_2018_04_24_15_47_49_683.jpg,E:\Users\Matt\Documents\IMG\right_2018_04_24_15_47_49_683.jpg,-0.09767674,1.0,0.0,40.0
E:\Users\Matt\Documents\IMG\center_2018_04_24_15_47_50_210.jpg,E:\Users\Matt\Documents\IMG\left_2018_04_24_15_47_50_210.jpg,E:\Users\Matt\Documents\IMG\right_2018_04_24_15_47_50_210.jpg,0.12202191666666667,1.0,0.0,40.0
E:\Users\Matt\Documents\IMG\center_2018_04_24_15_47_50_732.jpg,E:\Users\Matt\Documents\IMG\left_2018_04_24_15_47_50_732.jpg,E:\Users\Matt\Documents\IMG\right_2018_04_24_15_47_50_732.jpg,0.17076306666666666,1.0,0.0,40.0
E:\Users\Matt\Documents\IMG\center_2018_04_24_15_47_51_249.jpg,E:\Users\Matt\Documents\IMG\left_2018_04_24_15_47_51_249.jpg,E:\Users\Matt\Documents\IMG\right_2018_04_24_15_47_51_249.jpg,-0.32117636666666666,1.0,0.0,40.0
E:\Users\Matt\Documents\IMG\center_2018_04_24_15_47_51_783.jpg,E:\Users\Matt\Documents\IMG\left_2018_04_24_15_47_51_783.jpg,E:\Users\Matt\Documents\IMG\right_2018_04_24_15_47_51_783.jpg,-0.31675359366666667,1.0,0.0,40.0
E:\Users\Matt\Documents\IMG\center_2018_04_24_15_47_52_339.jpg,E:\Users\Matt\Documents\IMG\left_2018_04_24_15_47_52_339.jpg,E:\Users\Matt\Documents\IMG\right_2018_04_24_15_47_52_339.jpg,-0.08688256166666668,1.0,0.0,40.0
E:\Users\Matt\Documents\IMG\center_2018_04_24_15_47_52_888.jpg,E:\Users\Matt\Documents\IMG\left_2018_04_24_15_47_52_888.jpg,E:\Users\Matt\Documents\IMG\right_2018_04_24_15_47_52_888.jpg,-0.024123533333333332,1.0,0.0,40.0
E:\Users\Matt\Documents\IMG\center_2018_04_24_15_47_53_471.jpg,E:\Users\Matt\Documents\IMG\left_2018_04_24_15_47_53_471.jpg,E:\Users\Matt\Documents\IMG\right_2018_04_24_15_47_53_471.jpg,0.06019903166666666,1.0,0.5,40.0
E:\Users\Matt\Documents\IMG\center_2018_04_24_15_47_54_000.jpg,E:\Users\Matt\Documents\IMG\left_2018_04_24_15_47_54_000.jpg,E:\Users\Matt\Documents\IMG\right_2018_04_24_15_47_54_000.jpg,0.1139006,1.0,0.0,40.0
E:\Users\Matt\Documents\IMG\center_2018_04_24_15_47_54_480.jpg,E:\Users\Matt\Documents\IMG\left_2018_04_24_15_47_54_480.jpg,E:\Users\Matt\Documents\IMG\right_2018_04_24_15_47_54_480.jpg,-0.077471565,1.0,0.0,40.0
E:\Users\Matt\Documents\IMG\center_2018_04_24_15_47_54_996.jpg,E:\Users\Matt\Documents\IMG\left_2018_04_24_15_47_54_996.jpg,E:\Users\Matt\Documents\IMG\right_2018_04_24_15_47_54_996.jpg,0.044094338500000003,1.0,0.0,40.0
E:\Users\Matt\Documents\IMG\center_2018_04_24_15_47_55_565.jpg,E:\Users\Matt\Documents\IMG\left_2018_04_24_15_47_55_565.jpg,E:\Users\Matt\Documents\IMG\right_2018_04_24_15_47_55_565.jpg,-0.11232868333333335,1.0,0.0,40.0
E:\Users\Matt\Documents\IMG\center_2018_04_24_15_47_56_080.jpg,E:\Users\Matt\Documents\IMG\left_2018_04_24_15_47_56_080.jpg,E:\Users\Matt\Documents\IMG\right_2018_04_24_15_47_56_080.jpg,0.0,1.0,0.0,40.0
E:\Users\Matt\Documents\IMG\center_2018_04_24_15_47_56_532.jpg,E:\Users\Matt\Documents\IMG\left_2018_04_24_15_47_56_532.jpg,E:\Users\Matt\Documents\IMG\right_2018_04_24_15_47_56_532.jpg,0.09159824033333334,1.0,0.0069681299999999995,40.0
E:\Users\Matt\Documents\IMG\center_2018_04_24_15_47_56_978.jpg,E:\Users\Matt\Documents\IMG\left_2018_04_24_15_47_56_978.jpg,E:\Users\Matt\Documents\IMG\right_2018_04_24_15_47_56_978.jpg,-0.28045013333333335,1.0,0.0,40.0
E:\Users\Matt\Documents\IMG\center_2018_04_24_15_47_57_455.jpg,E:\Users\Matt\Documents\IMG\left_2018_04_24_15_47_57_455.jpg,E:\Users\Matt\Documents\IMG\right_2018_04_24_15_47_57_455.jpg,0.17182208333333335,1.0,0.0,40.0
E:\Users\Matt\Documents\IMG\center_2018_04_24_15_47_57_999.jpg,E:\Users\Matt\Documents\IMG\left_2018_04_24_15_47_57_999.jpg,E:\Users\Matt\Documents\IMG\right_2018_04_24_15_47_57_999.jpg,0.0,1.0,0.8333333333333334,40.0
E:\Users\Matt\Documents\IMG\center_2018_04_24_15_47_58_439.jpg,E:\Users\Matt\Documents\IMG\left_2018_04_24_15_47_58_439.jpg,E:\Users\Matt\Documents\IMG\right_2018_04_24_15_47_58_439.jpg,0.0,1.0,0.2229137333333333,40.0
E:\Users\Matt\Documents\IMG\center_2018_04_24_15_47_58_945.jpg,E:\Users\Matt\Documents\IMG\left_2018_04_24_15_47_58_945.jpg,E:\Users\Matt\Documents\IMG\right_2018_04_24_15_47_58_945.jpg,-0.128337,1.0,0.5,40.0
E:\Users\Matt\Documents\IMG\center_2018_04_24_15_47_59_441.jpg,E:\Users\Matt\Documents\IMG\left_2018_04_24_15_47_59_441.jpg,E:\Users\Matt\Documents\IMG\right_2018_04_24_15_47_59_441.jpg,-0.10704768333333332,1.0,0.0,40.0
E:\Users\Matt\Documents\IMG\center_2018_04_24_15_48_00_004.jpg,E:\Users\Matt\Documents\IMG\left_2018_04_24_15_48_00_004.jpg,E:\Users\Matt\Documents\IMG\right_2018_04_24_15_48_00_004.jpg,0.0293543,1.0,0.0,40.0
E:\Users\Matt\Documents\IMG\center_2018_04_24_15_48_00_516.jpg,E:\Users\Matt\Documents\IMG\left_2018_04_24_15_48_00_516.jpg,E:\Users\Matt\Documents\IMG\right_2018_04_24_15_48_00_516.jpg,-0.060843616666666676,1.0,0.0,40.0
E:\Users\Matt\Documents\IMG\center_2018_04_24_15_48_00_970.jpg,E:\Users\Matt\Documents\IMG\left_2018_04_24_15_48_00_970.jpg,E:\Users\Matt\Documents\IMG\right_2018_04_24_15_48_00_970.jpg,0.0788006,1.0,0.0,40.0
E:\Users\Matt\Documents\IMG\center_2018_04_24_15_48_01_574.jpg,E:\Users\Matt\Documents\IMG\left_2018_04_24_15_48_01_574.jpg,E:\Users\Matt\Documents\IMG\right_2018_04_24_15_48_01_574.jpg,-0.49541394999999994,1.0,0.0,40.0
E:\Users\Matt\Documents\IMG\center_2018_04_24_15_48_02_078.jpg,E:\Users\Matt\Documents\IMG\left_2018_04_24_15_48_02_078.jpg,E:\Users\Matt\Documents\IMG\right_2018_04_24_15_48_02_078.jpg,0.040778640899999996,1.0,0.0,40.0
E:\Users\Matt\Documents\IMG\center_2018_04_24_15_48_02_583.jpg,E:\Users\Matt\Documents\IMG\left_2018_04_24_15_48_02_583.jpg,E:\Users\Matt\Documents\IMG\right_2018_04_24_15_48_02_583.jpg,-0.39561699999999994,1.0,0.0,40.0
E:\Users\Matt\Documents\IMG\center_2018_04_24_15_48_03_089.jpg,E:\Users\Matt\Documents\IMG\left_2018_04_24_15_48_03_089.jpg,E:\Users\Matt\Documents\IMG\right_2018_04_24_15_48_03_089.jpg,0.0008624797833333333,1.0,0.0,40.0
E:\Users\Matt\Documents\IMG\center_2018_04_24_15_48_03_587.jpg,E:\Users\Matt\Documents\IMG\left_2018_04_24_15_48_03_587.jpg,E:\Users\Matt\Documents\IMG\right_2018_04_24_15_48_03_587.jpg,-0.08210153333333332,1.0,0.0,40.0
E:\Users\Matt\Documents\IMG\center_2018_04_24_15_48_04_114.jpg,E:\Users\Matt\Documents\IMG\left_2018_04_24_15_48_04_114.jpg,E:\Users\Matt\Documents\IMG\right_2018_04_24_15_48_04_114.jpg,-0.22945488333333333,1.0,0.0,40.0
E:\Users\Matt\Documents\IMG\center_2018_04_24_15_48_04_632.jpg,E:\Users\Matt\Documents\IMG\left_2018_04_24_15_48_04_632.jpg,E:\Users\Matt\Documents\IMG\right_2018_04_24_15_48_04_632.jpg,-0.014310833333333333,1.0,0.0,40.0
E:\Users\Matt\Documents\IMG\center_2018_04_24_15_48_05_152.jpg,E:\Users\Matt\Documents\IMG\left_2018_04_24_15_48_05_152.jpg,E:\Users\Matt\Documents\IMG\right_2018_04_24_15_48_05_152.jpg,-0.15731030000000001,1.0,0.0,40.0
E:\Users\Matt\Documents\IMG\center_2018_04_24_15_48_05_666.jpg,E:\Users\Matt\Documents\IMG\left_2018_04_24_15_48_05_666.jpg,E:\Users\Matt\Documents\IMG\right_2018_04_24_15_48_05_666.jpg,0.1153973,1.0,0.0,40.0
E:\Users\Matt\Documents\IMG\center_2018_04_24_15_48_06_173.jpg,E:\Users\Matt\Documents\IMG\left_2018_04_24_15_48_06_173.jpg,E:\Users\Matt\Documents\IMG\right_2018_04_24_15_48_06_173.jpg,-0.03812666666666666,1.0,0.0,40.0
E:\Users\Matt\Documents\IMG\center_2018_04_24_15_48_06_641.jpg,E:\Users\Matt\Documents\IMG\left_2018_04_24_15_48_06_641.jpg,E:\Users\Matt\Documents\IMG\right_2018_04_24_15_48_06_641.jpg,-0.2583883,1.0,0.00015494448333333333,40.0
E:\Users\Matt\Documents\IMG\center_2018_04_24_15_48_07_136.jpg,E:\Users\Matt\Documents\IMG\left_2018_04_24_15_48_07_136.jpg,E:\Users\Matt\Documents\IMG\right_2018_04_24_15_48_07_136.jpg,-0.15985771666666668,1.0,0.15258613666666668,40.0
E:\Users\Matt\Documents\IMG\center_2018_04_24_15_48_07_669.jpg,E:\Users\Matt\Documents\IMG\left_2018_04_24_15_48_07_669.jpg,E:\Users\Matt\Documents\IMG\right_2018_04_24_15_48_07_669.jpg,0.04461961666666667,1.0,0.6295489500000001,40.0
E:\Users\Matt\Documents\IMG\center_2018_04_24_15_48_08_214.jpg,E:\Users\Matt\Documents\IMG\left_2018_04_24_15_48_08_214.jpg,E:\Users\Matt\Documents\IMG\right_2018_04_24_15_48_08_214.jpg,0.24201151666666668,1.0,0.11236432016666666,40.0
E:\Users\Matt\Documents\IMG\center_2018_04_24_15_48_08_722.jpg,E:\Users\Matt\Documents\IMG\left_2018_04_24_15_48_08_722.jpg,E:\Users\Matt\Documents\IMG\right_2018_04_24_15_48_08_722.jpg,0.0,1.0,0.6666666666666666,40.0
E:\Users\Matt\Documents\IMG\center_2018_04_24_15_48_09_215.jpg,E:\Users\Matt\Documents\IMG\left_2018_04_24_15_48_09_215.jpg,E:\Users\Matt\Documents\IMG\right_2018_04_24_15_48_09_215.jpg,0.0,1.0,0.3333333333333333,40.0
E:\Users\Matt\Documents\IMG\center_2018_04_24_15_48_09_734.jpg,E:\Users\Matt\Documents\IMG\left_2018_04_24_15_48_09_734.jpg,E:\Users\Matt\Documents\IMG\right_2018_04_24_15_48_09_734.jpg,0.0,1.0,0.0,40.0
E:\Users\Matt\Documents\IMG\center_2018_04_24_15_48_10_275.jpg,E:\Users\Matt\Documents\IMG\left_2018_04_24_15_48_10_275.jpg,E:\Users\Matt\Documents\IMG\right_2018_04_24_15_48_10_275.jpg,0.0,1.0,0.0,40.0
E:\Users\Matt\Documents\IMG\center_2018_04_24_15_48_10_844.jpg,E:\Users\Matt\Documents\IMG\left_2018_04_24_15_48_10_844.jpg,E:\Users\Matt\Documents\IMG\right_2018_04_24_15_48_10_844.jpg,0.0,1.0,0.0,40.0
E:\Users\Matt\Documents\IMG\center_2018_04_24_15_48_11_336.jpg,E:\Users\Matt\Documents\IMG\left_2018_04_24_15_48_11_336.jpg,E:\Users\Matt\Documents\IMG\right_2018_04_24_15_48_11_336.jpg,-0.05302589333333333,1.0,0.0,40.0
E:\Users\Matt\Documents\IMG\center_2018_04_24_15_48_11_894.jpg,E:\Users\Matt\Documents\IMG\left_2018_04_24_15_48_11_894.jpg,E:\Users\Matt\Documents\IMG\right_2018_04_24_15_48_11_894.jpg,-0.023430763333333337,1.0,0.0,40.0
E:\Users\Matt\Documents\IMG\center_2018_04_24_15_48_12_312.jpg,E:\Users\Matt\Documents\IMG\left_2018_04_24_15_48_12_312.jpg,E:\Users\Matt\Documents\IMG\right_2018_04_24_15_48_12_312.jpg,0.0,1.0,0.0,40.0
E:\Users\Matt\Documents\IMG\center_2018_04_24_15_48_12_733.jpg,E:\Users\Matt\Documents\IMG\left_2018_04_24_15_48_12_733.jpg,E:\Users\Matt\Documents\IMG\right_2018_04_24_15_48_12_733.jpg,0.0,1.0,0.0,40.0
E:\Users\Matt\Documents\IMG\center_2018_04_24_15_48_13_244.jpg,E:\Users\Matt\Documents\IMG\left_2018_04_24_15_48_13_244.jpg,E:\Users\Matt\Documents\IMG\right_2018_04_24_15_48_13_244.jpg,-0.07365366666666667,1.0,0.8226834166666667,40.0
E:\Users\Matt\Documents\IMG\center_2018_04_24_15_48_13_789.jpg,E:\Users\Matt\Documents\IMG\left_2018_04_24_15_48_13_789.jpg,E:\Users\Matt\Documents\IMG\right_2018_04_24_15_48_13_789.jpg,-0.4763559,1.0,0.17381486666666665,40.0
E:\Users\Matt\Documents\IMG\center_2018_04_24_15_48_14_271.jpg,E:\Users\Matt\Documents\IMG\left_2018_04_24_15_48_14_271.jpg,E:\Users\Matt\Documents\IMG\right_2018_04_24_15_48_14_271.jpg,-0.1789576966666667,1.0,0.3763830833333333,40.0
E:\Users\Matt\Documents\IMG\center_2018_04_24_15_48_14_852.jpg,E:\Users\Matt\Documents\IMG\left_2018_04_24_15_48_14_852.jpg,E:\Users\Matt\Documents\IMG\right_2018_04_24_15_48_14_852.jpg,-0.47926955,1.0,0.0,40.0
E:\Users\Matt\Documents\IMG\center_2018_04_24_15_48_15_354.jpg,E:\Users\Matt\Documents\IMG\left_2018_04_24_15_48_15_354.jpg,E:\Users\Matt\Documents\IMG\right_2018_04_24_15_48_15_354.jpg,-0.18037687833333335,1.0,0.0,40.0
E:\Users\Matt\Documents\IMG\center_2018_04_24_15_48_15_795.jpg,E:\Users\Matt\Documents\IMG\left_2018_04_24_15_48_15_795.jpg,E:\Users\Matt\Documents\IMG\right_2018_04_24_15_48_15_795.jpg,-0.0994998166666667,1.0,0.0,40.0
E:\Users\Matt\Documents\IMG\center_2018_04_24_15_48_16_264.jpg,E:\Users\Matt\Documents\IMG\left_2018_04_24_15_48_16_264.jpg,E:\Users\Matt\Documents\IMG\right_2018_04_24_15_48_16_264.jpg,0.07859353333333334,1.0,0.0,40.0
E:\Users\Matt\Documents\IMG\center_2018_04_24_15_48_16_750.jpg,E:\Users\Matt\Documents\IMG\left_2018_04_24_15_48_16_750.jpg,E:\Users\Matt\Documents\IMG\right_2018_04_24_15_48_16_750.jpg,-0.30972047166666666,1.0,0.0,40.0
E:\Users\Matt\Documents\IMG\center_2018_04_24_15_48_17_244.jpg,E:\Users\Matt\Documents\IMG\left_2018_04_24_15_48_17_244.jpg,E:\Users\Matt\Documents\IMG\right_2018_04_24_15_48_17_244.jpg,0.0590058,1.0,0.0734422,40.0
E:\Users\Matt\Documents\IMG\center_2018_04_24_15_48_17_731.jpg,E:\Users\Matt\Documents\IMG\left_2018_04_24_15_48_17_731.jpg,E:\Users\Matt\Documents\IMG\right_2018_04_24_15_48_17_731.jpg,0.28508419999999995,1.0,0.27457465,40.0
E:\Users\Matt\Documents\IMG\center_2018_04_24_15_48_18_185.jpg,E:\Users\Matt\Documents\IMG\left_2018_04_24_15_48_18_185.jpg,E:\Users\Matt\Documents\IMG\right_2018_04_24_15_48_18_185.jpg,0.0477405,1.0,0.6675186166666666,40.0
E:\Users\Matt\Documents\IMG\center_2018_04_24_15_48_18_653.jpg,E:\Users\Matt\Documents\IMG\left_2018_04_24_15_48_18_653.jpg,E:\Users\Matt\Documents\IMG\right_2018_04_24_15_48_18_653.jpg,0.01491366666666664,1.0,0.0,40.0
E:\Users\Matt\Documents\IMG\center_2018_04_24_15_48_19_144.jpg,E:\Users\Matt\Documents\IMG\left_2018_04_24_15_48_19_144.jpg,E:\Users\Matt\Documents\IMG\right_2018_04_24_15_48_19_144.jpg,0.02102558666666667,1.0,0.0,40.0
E:\Users\Matt\Documents\IMG\center_2018_04_24_15_48_19_620.jpg,E:\Users\Matt\Documents\IMG\left_2018_04_24_15_48_19_620.jpg,E:\Users\Matt\Documents\IMG\right_2018_04_24_15_48_19_620.jpg,-0.1426416,1.0,0.0,40.0
E:\Users\Matt\Documents\IMG\center_2018_04_24_15_48_20_090.jpg,E:\Users\Matt\Documents\IMG\left_2018_04_24_15_48_20_090.jpg,E:\Users\Matt\Documents\IMG\right_2018_04_24_15_48_20_090.jpg,0.28724653333333333,1.0,0.0,40.0
E:\Users\Matt\Documents\IMG\center_2018_04_24_15_48_20_530.jpg,E:\Users\Matt\Documents\IMG\left_2018_04_24_15_48_20_530.jpg,E:\Users\Matt\Documents\IMG\right_2018_04_24_15_48_20_530.jpg,0.5,1.0,0.0,40.0
E:\Users\Matt\Documents\IMG\center_2018_04_24_15_48_20_974.jpg,E:\Users\Matt\Documents\IMG\left_2018_04_24_15_48_20_974.jpg,E:\Users\Matt\Documents\IMG\right_2018_04_24_15_48_20_974.jpg,0.5709221166666667,1.0,0.0,40.0
E:\Users\Matt\Documents\IMG\center_2018_04_24_15_48_21_460.jpg,E:\Users\Matt\Documents\IMG\left_2018_04_24_15_48_21_460.jpg,E:\Users\Matt\Documents\IMG\right_2018_04_24_15_48_21_460.jpg,0.32218105,1.0,0.0,40.0
E:\Users\Matt\Documents\IMG\center_2018_04_24_15_48_21_976.jpg,E:\Users\Matt\Documents\IMG\left_2018_04_24_15_48_21_976.jpg,E:\Users\Matt\Documents\IMG\right_2018_04_24_15_48_21_976.jpg,0.05212572666666667,1.0,0.0,40.0
E:\Users\Matt\Documents\IMG\center_2018_04_24_15_48_22_486.jpg,E:\Users\Matt\Documents\IMG\left_2018_04_24_15_48_22_486.jpg,E:\Users\Matt\Documents\IMG\right_2018_04_24_15_48_22_486.jpg,0.1265435,1.0,0.0,40.0
E:\Users\Matt\Documents\IMG\center_2018_04_24_15_48_22_961.jpg,E:\Users\Matt\Documents\IMG\left_2018_04_24_15_48_22_961.jpg,E:\Users\Matt\Documents\IMG\right_2018_04_24_15_48_22_961.jpg,-0.29273255,1.0,0.0,40.0
E:\Users\Matt\Documents\IMG\center_2018_04_24_15_48_23_459.jpg,E:\Users\Matt\Documents\IMG\left_2018_04_24_15_48_23_459.jpg,E:\Users\Matt\Documents\IMG\right_2018_04_24_15_48_23_459.jpg,-0.08967690833333335,1.0,0.0,40.0
E:\Users\Matt\Documents\IMG\center_2018_04_24_15_48_23_956.jpg,E:\Users\Matt\Documents\IMG\left_2018_04_24_15_48_23_956.jpg,E:\Users\Matt\Documents\IMG\right_2018_04_24_15_48_23_956.jpg,-0.010949445,1.0,0.0,40.0
E:\Users\Matt\Documents\IMG\center_2018_04_24_15_48_24_436.jpg,E:\Users\Matt\Documents\IMG\left_2018_04_24_15_48_24_436.jpg,E:\Users\Matt\Documents\IMG\right_2018_04_24_15_48_24_436.jpg,-0.05944126666666668,1.0,0.5226290333333333,40.0
E:\Users\Matt\Documents\IMG\center_2018_04_24_15_48_24_953.jpg,E:\Users\Matt\Documents\IMG\left_2018_04_24_15_48_24_953.jpg,E:\Users\Matt\Documents\IMG\right_2018_04_24_15_48_24_953.jpg,-0.2504972733333333,1.0,0.5259697,40.0
E:\Users\Matt\Documents\IMG\center_2018_04_24_15_48_25_462.jpg,E:\Users\Matt\Documents\IMG\left_2018_04_24_15_48_25_462.jpg,E:\Users\Matt\Documents\IMG\right_2018_04_24_15_48_25_462.jpg,-0.33449723333333337,1.0,0.0,40.0
E:\Users\Matt\Documents\IMG\center_2018_04_24_15_48_26_011.jpg,E:\Users\Matt\Documents\IMG\left_2018_04_24_15_48_26_011.jpg,E:\Users\Matt\Documents\IMG\right_2018_04_24_15_48_26_011.jpg,-0.49558556666666664,1.0,0.0,40.0
E:\Users\Matt\Documents\IMG\center_2018_04_24_15_48_26_543.jpg,E:\Users\Matt\Documents\IMG\left_2018_04_24_15_48_26_543.jpg,E:\Users\Matt\Documents\IMG\right_2018_04_24_15_48_26_543.jpg,-0.18725488333333332,1.0,0.0,40.0
E:\Users\Matt\Documents\IMG\center_2018_04_24_15_48_27_090.jpg,E:\Users\Matt\Documents\IMG\left_2018_04_24_15_48_27_090.jpg,E:\Users\Matt\Documents\IMG\right_2018_04_24_15_48_27_090.jpg,-0.03056623333333333,1.0,0.0,40.0
E:\Users\Matt\Documents\IMG\center_2018_04_24_15_48_27_644.jpg,E:\Users\Matt\Documents\IMG\left_2018_04_24_15_48_27_644.jpg,E:\Users\Matt\Documents\IMG\right_2018_04_24_15_48_27_644.jpg,-0.19956681666666665,1.0,0.0,40.0
E:\Users\Matt\Documents\IMG\center_2018_04_24_15_48_28_167.jpg,E:\Users\Matt\Documents\IMG\left_2018_04_24_15_48_28_167.jpg,E:\Users\Matt\Documents\IMG\right_2018_04_24_15_48_28_167.jpg,-0.13459775166666668,1.0,0.0,40.0
E:\Users\Matt\Documents\IMG\center_2018_04_24_15_48_28_598.jpg,E:\Users\Matt\Documents\IMG\left_2018_04_24_15_48_28_598.jpg,E:\Users\Matt\Documents\IMG\right_2018_04_24_15_48_28_598.jpg,-0.020979743333333332,1.0,0.0,40.0
E:\Users\Matt\Documents\IMG\center_2018_04_24_15_48_29_140.jpg,E:\Users\Matt\Documents\IMG\left_2018_04_24_15_48_29_140.jpg,E:\Users\Matt\Documents\IMG\right_2018_04_24_15_48_29_140.jpg,-0.015424485333333333,1.0,0.0,40.0
E:\Users\Matt\Documents\IMG\center_2018_04_24_15_48_29_694.jpg,E:\Users\Matt\Documents\IMG\left_2018_04_24_15_48_29_694.jpg,E:\Users\Matt\Documents\IMG\right_2018_04_24_15_48_29_694.jpg,-0.13866261833333335,1.0,0.0,40.0
E:\Users\Matt\Documents\IMG\center_2018_04_24_15_48_30_262.jpg,E:\Users\Matt\Documents\IMG\left_2018_04_24_15_48_30_262.jpg,E:\Users\Matt\Documents\IMG\right_2018_04_24_15_48_30_262.jpg,-0.042553683333333335,1.0,0.0,40.0
E:\Users\Matt\Documents\IMG\center_2018_04_24_15_48_30_832.jpg,E:\Users\Matt\Documents\IMG\left_2018_04_24_15_48_30_832.jpg,E:\Users\Matt\Documents\IMG\right_2018_04_24_15_48_30_832.jpg,0.39628056666666667,1.0,0.23512724999999998,40.0
E:\Users\Matt\Documents\IMG\center_2018_04_24_15_48_31_362.jpg,E:\Users\Matt\Documents\IMG\left_2018_04_24_15_48_31_362.jpg,E:\Users\Matt\Documents\IMG\right_2018_04_24_15_48_31_362.jpg,-0.11817281333333333,1.0,0.3438619,40.0
E:\Users\Matt\Documents\IMG\center_2018_04_24_15_48_31_910.jpg,E:\Users\Matt\Documents\IMG\left_2018_04_24_15_48_31_910.jpg,E:\Users\Matt\Documents\IMG\right_2018_04_24_15_48_31_910.jpg,-0.012002196666666666,1.0,0.5469430000000001,40.0
E:\Users\Matt\Documents\IMG\center_2018_04_24_15_48_32_415.jpg,E:\Users\Matt\Documents\IMG\left_2018_04_24_15_48_32_415.jpg,E:\Users\Matt\Documents\IMG\right_2018_04_24_15_48_32_415.jpg,-0.17230778333333333,1.0,0.0,40.0
E:\Users\Matt\Documents\IMG\center_2018_04_24_15_48_32_946.jpg,E:\Users\Matt\Documents\IMG\left_2018_04_24_15_48_32_946.jpg,E:\Users\Matt\Documents\IMG\right_2018_04_24_15_48_32_946.jpg,0.0,1.0,0.0,40.0
E:\Users\Matt\Documents\IMG\center_2018_04_24_15_48_33_505.jpg,E:\Users\Matt\Documents\IMG\left_2018_04_24_15_48_33_505.jpg,E:\Users\Matt\Documents\IMG\right_2018_04_24_15_48_33_505.jpg,0.0,1.0,0.0,40.0
E:\Users\Matt\Documents\IMG\center_2018_04_24_15_48_34_080.jpg,E:\Users\Matt\Documents\IMG\left_2018_04_24_15_48_34_080.jpg,E:\Users\Matt\Documents\IMG\right_2018_04_24_15_48_34_080.jpg,-0.02237173666666667,1.0,0.0,40.0
E:\Users\Matt\Documents\IMG\center_2018_04_24_15_48_34_572.jpg,E:\Users\Matt\Documents\IMG\left_2018_04_24_15_48_34_572.jpg,E:\Users\Matt\Documents\IMG\right_2018_04_24_15_48_34_572.jpg,-0.0393598,1.0,0.0,40.0
E:\Users\Matt\Documents\IMG\center_2018_04_24_15_48_35_059.jpg,E:\Users\Matt\Documents\IMG\left_2018_04_24_15_48_35_059.jpg,E:\Users\Matt\Documents\IMG\right_2018_04_24_15_48_35_059.jpg,-0.03217613,1.0,0.0,40.0
E:\Users\Matt\Documents\IMG\center_2018_04_24_15_48_35_588.jpg,E:\Users\Matt\Documents\IMG\left_2018_04_24_15_48_35_588.jpg,E:\Users\Matt\Documents\IMG\right_2018_04_24_15_48_35_588.jpg,0.0,1.0,0.0,40.0
E:\Users\Matt\Documents\IMG\center_2018_04_24_15_48_36_140.jpg,E:\Users\Matt\Documents\IMG\left_2018_04_24_15_48_36_140.jpg,E:\Users\Matt\Documents\IMG\right_2018_04_24_15_48_36_140.jpg,0.0,1.0,0.0,40.0
E:\Users\Matt\Documents\IMG\center_2018_04_24_15_48_36_692.jpg,E:\Users\Matt\Documents\IMG\left_2018_04_24_15_48_36_692.jpg,E:\Users\Matt\Documents\IMG\right_2018_04_24_15_48_36_692.jpg,0.0,1.0,0.0,40.0
E:\Users\Matt\Documents\IMG\center_2018_04_24_15_48_37_188.jpg,E:\Users\Matt\Documents\IMG\left_2018_04_24_15_48_37_188.jpg,E:\Users\Matt\Documents\IMG\right_2018_04_24_15_48_37_188.jpg,-0.10911991666666666,1.0,0.3106897,40.0
E:\Users\Matt\Documents\IMG\center_2018_04_24_15_48_37_655.jpg,E:\Users\Matt\Documents\IMG\left_2018_04_24_15_48_37_655.jpg,E:\Users\Matt\Documents\IMG\right_2018_04_24_15_48_37_655.jpg,0.0570172585,1.0,0.0,40.0
E:\Users\Matt\Documents\IMG\center_2018_04_24_15_48_38_088.jpg,E:\Users\Matt\Documents\IMG\left_2018_04_24_15_48_38_088.jpg,E:\Users\Matt\Documents\IMG\right_2018_04_24_15_48_38_088.jpg,0.039750850000000004,1.0,0.0,40.0
E:\Users\Matt\Documents\IMG\center_2018_04_24_15_48_38_534.jpg,E:\Users\Matt\Documents\IMG\left_2018_04_24_15_48_38_534.jpg,E:\Users\Matt\Documents\IMG\right_2018_04_24_15_48_38_534.jpg,-0.032519150000000004,1.0,0.0,40.0
E:\Users\Matt\Documents\IMG\center_2018_04_24_15_48_38_983.jpg,E:\Users\Matt\Documents\IMG\left_2018_04_24_15_48_38_983.jpg,E:\Users\Matt\Documents\IMG\right_2018_04_24_15_48_38_983.jpg,0.0,1.0,0.0,40.0
E:\Users\Matt\Documents\IMG\center_2018_04_24_15_48_39_423.jpg,E:\Users\Matt\Documents\IMG\left_2018_04_24_15_48_39_423.jpg,E:\Users\Matt\Documents\IMG\right_2018_04_24_15_48_39_423.jpg,0.0,1.0,0.0,40.0
E:\Users\Matt\Documents\IMG\center_2018_04_24_15_48_39_873.jpg,E:\Users\Matt\Documents\IMG\left_2018_04_24_15_48_39_873.jpg,E:\Users\Matt\Documents\IMG\right_2018_04_24_15_48_39_873.jpg,0.036278323333333334,1.0,0.0,40.0
E:\Users\Matt\Documents\IMG\center_2018_04_24_15_48_40_323.jpg,E:\Users\Matt\Documents\IMG\left_2018_04_24_15_48_40_323.jpg,E:\Users\Matt\Documents\IMG\right_2018_04_24_15_48_40_323.jpg,-0.26680275000000003,1.0,0.0,40.0
E:\Users\Matt\Documents\IMG\center_2018_04_24_15_48_40_814.jpg,E:\Users\Matt\Documents\IMG\left_2018_04_24_15_48_40_814.jpg,E:\Users\Matt\Documents\IMG\right_2018_04_24_15_48_40_814.jpg,0.0,1.0,0.6666666666666666,40.0
E:\Users\Matt\Documents\IMG\center_2018_04_24_15_48_41_387.jpg,E:\Users\Matt\Documents\IMG\left_2018_04_24_15_48_41_387.jpg,E:\Users\Matt\Documents\IMG\right_2018_04_24_15_48_41_387.jpg,0.0,1.0,1.0,40.0
E:\Users\Matt\Documents\IMG\center_2018_04_24_15_48_41_921.jpg,E:\Users\Matt\Documents\IMG\left_2018_04_24_15_48_41_921.jpg,E:\Users\Matt\Documents\IMG\right_2018_04_24_15_48_41_921.jpg,-0.30849613333333337,1.0,0.19745896666666665,40.0
E:\Users\Matt\Documents\IMG\center_2018_04_24_15_48_42_453.jpg,E:\Users\Matt\Documents\IMG\left_2018_04_24_15_48_42_453.jpg,E:\Users\Matt\Documents\IMG\right_2018_04_24_15_48_42_453.jpg,0.0,1.0,0.0,40.0
E:\Users\Matt\Documents\IMG\center_2018_04_24_15_48_42_970.jpg,E:\Users\Matt\Documents\IMG\left_2018_04_24_15_48_42_970.jpg,E:\Users\Matt\Documents\IMG\right_2018_04_24_15_48_42_970.jpg,-0.02773421666666667,1.0,0.0,40.0
E:\Users\Matt\Documents\IMG\center_2018_04_24_15_48_43_480.jpg,E:\Users\Matt\Documents\IMG\left_2018_04_24_15_48_43_480.jpg,E:\Users\Matt\Documents\IMG\right_2018_04_24_15_48_43_480.jpg,-0.18166414833333333,1.0,0.0,40.0
E:\Users\Matt\Documents\IMG\center_2018_04_24_15_48_43_989.jpg,E:\Users\Matt\Documents\IMG\left_2018_04_24_15_48_43_989.jpg,E:\Users\Matt\Documents\IMG\right_2018_04_24_15_48_43_989.jpg,-0.17301518000000002,1.0,0.25890321666666666,40.0
E:\Users\Matt\Documents\IMG\center_2018_04_24_15_48_44_460.jpg,E:\Users\Matt\Documents\IMG\left_2018_04_24_15_48_44_460.jpg,E:\Users\Matt\Documents\IMG\right_2018_04_24_15_48_44_460.jpg,0.0,1.0,1.0,40.0
E:\Users\Matt\Documents\IMG\center_2018_04_24_15_48_44_990.jpg,E:\Users\Matt\Documents\IMG\left_2018_04_24_15_48_44_990.jpg,E:\Users\Matt\Documents\IMG\right_2018_04_24_15_48_44_990.jpg,-0.18929368333333332,1.0,0.16666666666666666,40.0
E:\Users\Matt\Documents\IMG\center_2018_04_24_15_48_45_514.jpg,E:\Users\Matt\Documents\IMG\left_2018_04_24_15_48_45_514.jpg,E:\Users\Matt\Documents\IMG\right_2018_04_24_15_48_45_514.jpg,-0.13762648333333335,1.0,0.0,40.0
E:\Users\Matt\Documents\IMG\center_2018_04_24_15_48_46_034.jpg,E:\Users\Matt\Documents\IMG\left_2018_04_24_15_48_46_034.jpg,E:\Users\Matt\Documents\IMG\right_2018_04_24_15_48_46_034.jpg,0.057722749999999996,1.0,0.0,40.0
E:\Users\Matt\Documents\IMG\center_2018_04_24_15_48_46_557.jpg,E:\Users\Matt\Documents\IMG\left_2018_04_24_15_48_46_557.jpg,E:\Users\Matt\Documents\IMG\right_2018_04_24_15_48_46_557.jpg,0.0025453696666666668,1.0,0.0,40.0
E:\Users\Matt\Documents\IMG\center_2018_04_24_15_48_47_096.jpg,E:\Users\Matt\Documents\IMG\left_2018_04_24_15_48_47_096.jpg,E:\Users\Matt\Documents\IMG\right_2018_04_24_15_48_47_096.jpg,-0.08299746666666667,1.0,0.0,40.0
E:\Users\Matt\Documents\IMG\center_2018_04_24_15_48_47_609.jpg,E:\Users\Matt\Documents\IMG\left_2018_04_24_15_48_47_609.jpg,E:\Users\Matt\Documents\IMG\right_2018_04_24_15_48_47_609.jpg,0.036489950666666666,1.0,0.0,40.0
E:\Users\Matt\Documents\IMG\center_2018_04_24_15_48_48_069.jpg,E:\Users\Matt\Documents\IMG\left_2018_04_24_15_48_48_069.jpg,E:\Users\Matt\Documents\IMG\right_2018_04_24_15_48_48_069.jpg,0.0,1.0,0.0,40.0
E:\Users\Matt\Documents\IMG\center_2018_04_24_15_48_48_545.jpg,E:\Users\Matt\Documents\IMG\left_2018_04_24_15_48_48_545.jpg,E:\Users\Matt\Documents\IMG\right_2018_04_24_15_48_48_545.jpg,-0.10940451666666667,1.0,0.0,40.0
E:\Users\Matt\Documents\IMG\center_2018_04_24_15_48_49_052.jpg,E:\Users\Matt\Documents\IMG\left_2018_04_24_15_48_49_052.jpg,E:\Users\Matt\Documents\IMG\right_2018_04_24_15_48_49_052.jpg,-0.27223241833333334,1.0,0.0,40.0
E:\Users\Matt\Documents\IMG\center_2018_04_24_15_48_49_545.jpg,E:\Users\Matt\Documents\IMG\left_2018_04_24_15_48_49_545.jpg,E:\Users\Matt\Documents\IMG\right_2018_04_24_15_48_49_545.jpg,0.0,1.0,0.7777980333333333,40.0
E:\Users\Matt\Documents\IMG\center_2018_04_24_15_48_50_090.jpg,E:\Users\Matt\Documents\IMG\left_2018_04_24_15_48_50_090.jpg,E:\Users\Matt\Documents\IMG\right_2018_04_24_15_48_50_090.jpg,0.019213016666666666,1.0,0.8333333333333334,40.0
E:\Users\Matt\Documents\IMG\center_2018_04_24_15_48_50_584.jpg,E:\Users\Matt\Documents\IMG\left_2018_04_24_15_48_50_584.jpg,E:\Users\Matt\Documents\IMG\right_2018_04_24_15_48_50_584.jpg,0.011376450000000001,1.0,0.0,40.0
E:\Users\Matt\Documents\IMG\center_2018_04_24_15_48_51_017.jpg,E:\Users\Matt\Documents\IMG\left_2018_04_24_15_48_51_017.jpg,E:\Users\Matt\Documents\IMG\right_2018_04_24_15_48_51_017.jpg,0.08457800833333333,1.0,0.0,40.0
E:\Users\Matt\Documents\IMG\center_2018_04_24_15_48_51_442.jpg,E:\Users\Matt\Documents\IMG\left_2018_04_24_15_48_51_442.jpg,E:\Users\Matt\Documents\IMG\right_2018_04_24_15_48_51_442.jpg,0.04740125666666666,1.0,0.0,40.0
E:\Users\Matt\Documents\IMG\center_2018_04_24_15_48_51_923.jpg,E:\Users\Matt\Documents\IMG\left_2018_04_24_15_48_51_923.jpg,E:\Users\Matt\Documents\IMG\right_2018_04_24_15_48_51_923.jpg,0.08674203833333334,1.0,0.0,40.0
E:\Users\Matt\Documents\IMG\center_2018_04_24_15_48_52_335.jpg,E:\Users\Matt\Documents\IMG\left_2018_04_24_15_48_52_335.jpg,E:\Users\Matt\Documents\IMG\right_2018_04_24_15_48_52_335.jpg,-0.040783031666666664,1.0,0.0,40.0
E:\Users\Matt\Documents\IMG\center_2018_04_24_15_48_52_760.jpg,E:\Users\Matt\Documents\IMG\left_2018_04_24_15_48_52_760.jpg,E:\Users\Matt\Documents\IMG\right_2018_04_24_15_48_52_760.jpg,-0.24262912166666664,1.0,0.0,40.0
E:\Users\Matt\Documents\IMG\center_2018_04_24_15_48_53_181.jpg,E:\Users\Matt\Documents\IMG\left_2018_04_24_15_48_53_181.jpg,E:\Users\Matt\Documents\IMG\right_2018_04_24_15_48_53_181.jpg,-0.7187085833333334,1.0,0.0,40.0
E:\Users\Matt\Documents\IMG\center_2018_04_24_15_48_53_674.jpg,E:\Users\Matt\Documents\IMG\left_2018_04_24_15_48_53_674.jpg,E:\Users\Matt\Documents\IMG\right_2018_04_24_15_48_53_674.jpg,0.11621990666666666,1.0,0.7060743500000001,40.0
E:\Users\Matt\Documents\IMG\center_2018_04_24_15_48_54_177.jpg,E:\Users\Matt\Documents\IMG\left_2018_04_24_15_48_54_177.jpg,E:\Users\Matt\Documents\IMG\right_2018_04_24_15_48_54_177.jpg,0.0,1.0,0.0,40.0
E:\Users\Matt\Documents\IMG\center_2018_04_24_15_48_54_695.jpg,E:\Users\Matt\Documents\IMG\left_2018_04_24_15_48_54_695.jpg,E:\Users\Matt\Documents\IMG\right_2018_04_24_15_48_54_695.jpg,-0.6397843999999999,1.0,0.06980436666666667,40.0
E:\Users\Matt\Documents\IMG\center_2018_04_24_15_48_55_149.jpg,E:\Users\Matt\Documents\IMG\left_2018_04_24_15_48_55_149.jpg,E:\Users\Matt\Documents\IMG\right_2018_04_24_15_48_55_149.jpg,-0.6221266666666667,1.0,0.0,40.0
E:\Users\Matt\Documents\IMG\center_2018_04_24_15_48_55_598.jpg,E:\Users\Matt\Documents\IMG\left_2018_04_24_15_48_55_598.jpg,E:\Users\Matt\Documents\IMG\right_2018_04_24_15_48_55_598.jpg,-0.42191321666666676,1.0,0.0,40.0
E:\Users\Matt\Documents\IMG\center_2018_04_24_15_48_56_046.jpg,E:\Users\Matt\Documents\IMG\left_2018_04_24_15_48_56_046.jpg,E:\Users\Matt\Documents\IMG\right_2018_04_24_15_48_56_046.jpg,-0.04835383333333334,1.0,0.0,40.0
E:\Users\Matt\Documents\IMG\center_2018_04_24_15_48_56_530.jpg,E:\Users\Matt\Documents\IMG\left_2018_04_24_15_48_56_530.jpg,E:\Users\Matt\Documents\IMG\right_2018_04_24_15_48_56_530.jpg,0.0,1.0,0.0,40.0
E:\Users\Matt\Documents\IMG\center_2018_04_24_15_48_57_025.jpg,E:\Users\Matt\Documents\IMG\left_2018_04_24_15_48_57_025.jpg,E:\Users\Matt\Documents\IMG\right_2018_04_24_15_48_57_025.jpg,0.04060705,1.0,0.0,40.0
E:\Users\Matt\Documents\IMG\center_2018_04_24_15_48_57_537.jpg,E:\Users\Matt\Documents\IMG\left_2018_04_24_15_48_57_537.jpg,E:\Users\Matt\Documents\IMG\right_2018_04_24_15_48_57_537.jpg,0.019600308333333333,1.0,0.7059989999999999,40.0
E:\Users\Matt\Documents\IMG\center_2018_04_24_15_48_58_039.jpg,E:\Users\Matt\Documents\IMG\left_2018_04_24_15_48_58_039.jpg,E:\Users\Matt\Documents\IMG\right_2018_04_24_15_48_58_039.jpg,0.0,1.0,0.07144535,40.0
E:\Users\Matt\Documents\IMG\center_2018_04_24_15_48_58_565.jpg,E:\Users\Matt\Documents\IMG\left_2018_04_24_15_48_58_565.jpg,E:\Users\Matt\Documents\IMG\right_2018_04_24_15_48_58_565.jpg,0.0,1.0,0.0,40.0
E:\Users\Matt\Documents\IMG\center_2018_04_24_15_48_59_043.jpg,E:\Users\Matt\Documents\IMG\left_2018_04_24_15_48_59_043.jpg,E:\Users\Matt\Documents\IMG\right_2018_04_24_15_48_59_043.jpg,0.3122512333333333,1.0,0.0,40.0
E:\Users\Matt\Documents\IMG\center_2018_04_24_15_48_59_496.jpg,E:\Users\Matt\Documents\IMG\left_2018_04_24_15_48_59_496.jpg,E:\Users\Matt\Documents\IMG\right_2018_04_24_15_48_59_496.jpg,0.5277153666666666,1.0,0.0,40.0
E:\Users\Matt\Documents\IMG\center_2018_04_24_15_48_59_938.jpg,E:\Users\Matt\Documents\IMG\left_2018_04_24_15_48_59_938.jpg,E:\Users\Matt\Documents\IMG\right_2018_04_24_15_48_59_938.jpg,0.36432031666666664,1.0,0.0,40.0
E:\Users\Matt\Documents\IMG\center_2018_04_24_15_49_00_410.jpg,E:\Users\Matt\Documents\IMG\left_2018_04_24_15_49_00_410.jpg,E:\Users\Matt\Documents\IMG\right_2018_04_24_15_49_00_410.jpg,0.3376809,1.0,0.0,40.0
E:\Users\Matt\Documents\IMG\center_2018_04_24_15_49_00_944.jpg,E:\Users\Matt\Documents\IMG\left_2018_04_24_15_49_00_944.jpg,E:\Users\Matt\Documents\IMG\right_2018_04_24_15_49_00_944.jpg,0.050114116666666673,1.0,0.0,40.0
E:\Users\Matt\Documents\IMG\center_2018_04_24_15_49_01_520.jpg,E:\Users\Matt\Documents\IMG\left_2018_04_24_15_49_01_520.jpg,E:\Users\Matt\Documents\IMG\right_2018_04_24_15_49_01_520.jpg,0.24824923833333332,1.0,0.0,40.0
E:\Users\Matt\Documents\IMG\center_2018_04_24_15_49_02_039.jpg,E:\Users\Matt\Documents\IMG\left_2018_04_24_15_49_02_039.jpg,E:\Users\Matt\Documents\IMG\right_2018_04_24_15_49_02_039.jpg,-0.26569551666666663,1.0,0.0,40.0
E:\Users\Matt\Documents\IMG\center_2018_04_24_15_49_02_547.jpg,E:\Users\Matt\Documents\IMG\left_2018_04_24_15_49_02_547.jpg,E:\Users\Matt\Documents\IMG\right_2018_04_24_15_49_02_547.jpg,-0.45318051666666664,1.0,0.0,40.0
E:\Users\Matt\Documents\IMG\center_2018_04_24_15_49_03_053.jpg,E:\Users\Matt\Documents\IMG\left_2018_04_24_15_49_03_053.jpg,E:\Users\Matt\Documents\IMG\right_2018_04_24_15_49_03_053.jpg,-0.3724104,1.0,0.0,40.0
E:\Users\Matt\Documents\IMG\center_2018_04_24_15_49_03_527.jpg,E:\Users\Matt\Documents\IMG\left_2018_04_24_15_49_03_527.jpg,E:\Users\Matt\Documents\IMG\right_2018_04_24_15_49_03_527.jpg,0.0036086350000000002,1.0,0.0,40.0
E:\Users\Matt\Documents\IMG\center_2018_04_24_15_49_04_039.jpg,E:\Users\Matt\Documents\IMG\left_2018_04_24_15_49_04_039.jpg,E:\Users\Matt\Documents\IMG\right_2018_04_24_15_49_04_039.jpg,0.09250656666666666,1.0,0.27093459999999997,40.0
E:\Users\Matt\Documents\IMG\center_2018_04_24_15_49_04_530.jpg,E:\Users\Matt\Documents\IMG\left_2018_04_24_15_49_04_530.jpg,E:\Users\Matt\Documents\IMG\right_2018_04_24_15_49_04_530.jpg,-0.05155838333333334,1.0,0.30204919999999996,40.0
E:\Users\Matt\Documents\IMG\center_2018_04_24_15_49_05_057.jpg,E:\Users\Matt\Documents\IMG\left_2018_04_24_15_49_05_057.jpg,E:\Users\Matt\Documents\IMG\right_2018_04_24_15_49_05_057.jpg,-0.33040725916666663,1.0,0.0,40.0
E:\Users\Matt\Documents\IMG\center_2018_04_24_15_49_05_592.jpg,E:\Users\Matt\Documents\IMG\left_2018_04_24_15_49_05_592.jpg,E:\Users\Matt\Documents\IMG\right_2018_04_24_15_49_05_592.jpg,-0.06531051666666667,1.0,0.0,40.0
E:\Users\Matt\Documents\IMG\center_2018_04_24_15_49_06_151.jpg,E:\Users\Matt\Documents\IMG\left_2018_04_24_15_49_06_151.jpg,E:\Users\Matt\Documents\IMG\right_2018_04_24_15_49_06_151.jpg,-0.309634915,1.0,0.0,40.0
E:\Users\Matt\Documents\IMG\center_2018_04_24_15_49_06_718.jpg,E:\Users\Matt\Documents\IMG\left_2018_04_24_15_49_06_718.jpg,E:\Users\Matt\Documents\IMG\right_2018_04_24_15_49_06_718.jpg,-0.13943275000000002,1.0,0.0,40.0
E:\Users\Matt\Documents\IMG\center_2018_04_24_15_49_07_277.jpg,E:\Users\Matt\Documents\IMG\left_2018_04_24_15_49_07_277.jpg,E:\Users\Matt\Documents\IMG\right_2018_04_24_15_49_07_277.jpg,0.06727580666666667,1.0,0.0,40.0
E:\Users\Matt\Documents\IMG\center_2018_04_24_15_49_07_834.jpg,E:\Users\Matt\Documents\IMG\left_2018_04_24_15_49_07_834.jpg,E:\Users\Matt\Documents\IMG\right_2018_04_24_15_49_07_834.jpg,-0.5675520833333333,1.0,0.0,40.0
E:\Users\Matt\Documents\IMG\center_2018_04_24_15_49_08_309.jpg,E:\Users\Matt\Documents\IMG\left_2018_04_24_15_49_08_309.jpg,E:\Users\Matt\Documents\IMG\right_2018_04_24_15_49_08_309.jpg,-0.13978441666666666,1.0,0.0,40.0
E:\Users\Matt\Documents\IMG\center_2018_04_24_15_49_08_763.jpg,E:\Users\Matt\Documents\IMG\left_2018_04_24_15_49_08_763.jpg,E:\Users\Matt\Documents\IMG\right_2018_04_24_15_49_08_763.jpg,0.0,1.0,0.0,40.0
E:\Users\Matt\Documents\IMG\center_2018_04_24_15_49_09_255.jpg,E:\Users\Matt\Documents\IMG\left_2018_04_24_15_49_09_255.jpg,E:\Users\Matt\Documents\IMG\right_2018_04_24_15_49_09_255.jpg,0.0,1.0,0.0,40.0
E:\Users\Matt\Documents\IMG\center_2018_04_24_15_49_09_729.jpg,E:\Users\Matt\Documents\IMG\left_2018_04_24_15_49_09_729.jpg,E:\Users\Matt\Documents\IMG\right_2018_04_24_15_49_09_729.jpg,-0.24301625000000002,1.0,0.0,40.0
E:\Users\Matt\Documents\IMG\center_2018_04_24_15_49_10_208.jpg,E:\Users\Matt\Documents\IMG\left_2018_04_24_15_49_10_208.jpg,E:\Users\Matt\Documents\IMG\right_2018_04_24_15_49_10_208.jpg,-0.1649001,1.0,0.0,40.0
E:\Users\Matt\Documents\IMG\center_2018_04_24_15_49_10_699.jpg,E:\Users\Matt\Documents\IMG\left_2018_04_24_15_49_10_699.jpg,E:\Users\Matt\Documents\IMG\right_2018_04_24_15_49_10_699.jpg,0.03262180833333333,1.0,0.0,40.0
E:\Users\Matt\Documents\IMG\center_2018_04_24_15_49_11_171.jpg,E:\Users\Matt\Documents\IMG\left_2018_04_24_15_49_11_171.jpg,E:\Users\Matt\Documents\IMG\right_2018_04_24_15_49_11_171.jpg,0.025218366000000002,1.0,0.0,40.0
E:\Users\Matt\Documents\IMG\center_2018_04_24_15_49_11_644.jpg,E:\Users\Matt\Documents\IMG\left_2018_04_24_15_49_11_644.jpg,E:\Users\Matt\Documents\IMG\right_2018_04_24_15_49_11_644.jpg,-0.12664800499999998,1.0,0.0,40.0
E:\Users\Matt\Documents\IMG\center_2018_04_24_15_49_12_117.jpg,E:\Users\Matt\Documents\IMG\left_2018_04_24_15_49_12_117.jpg,E:\Users\Matt\Documents\IMG\right_2018_04_24_15_49_12_117.jpg,0.22530400000000003,1.0,0.0,40.0
E:\Users\Matt\Documents\IMG\center_2018_04_24_15_49_12_652.jpg,E:\Users\Matt\Documents\IMG\left_2018_04_24_15_49_12_652.jpg,E:\Users\Matt\Documents\IMG\right_2018_04_24_15_49_12_652.jpg,-0.15608175,1.0,0.0,40.0
E:\Users\Matt\Documents\IMG\center_2018_04_24_15_49_13_210.jpg,E:\Users\Matt\Documents\IMG\left_2018_04_24_15_49_13_210.jpg,E:\Users\Matt\Documents\IMG\right_2018_04_24_15_49_13_210.jpg,0.24792063333333333,1.0,0.0,40.0
E:\Users\Matt\Documents\IMG\center_2018_04_24_15_49_13_757.jpg,E:\Users\Matt\Documents\IMG\left_2018_04_24_15_49_13_757.jpg,E:\Users\Matt\Documents\IMG\right_2018_04_24_15_49_13_757.jpg,-0.4058964166666667,1.0,0.0,40.0
E:\Users\Matt\Documents\IMG\center_2018_04_24_15_49_14_332.jpg,E:\Users\Matt\Documents\IMG\left_2018_04_24_15_49_14_332.jpg,E:\Users\Matt\Documents\IMG\right_2018_04_24_15_49_14_332.jpg,-0.0023339083333333336,1.0,0.0,40.0
E:\Users\Matt\Documents\IMG\center_2018_04_24_15_49_14_920.jpg,E:\Users\Matt\Documents\IMG\left_2018_04_24_15_49_14_920.jpg,E:\Users\Matt\Documents\IMG\right_2018_04_24_15_49_14_920.jpg,-0.28180855,1.0,0.0,40.0
E:\Users\Matt\Documents\IMG\center_2018_04_24_15_49_15_421.jpg,E:\Users\Matt\Documents\IMG\left_2018_04_24_15_49_15_421.jpg,E:\Users\Matt\Documents\IMG\right_2018_04_24_15_49_15_421.jpg,0.00222716,1.0,0.0,40.0
E:\Users\Matt\Documents\IMG\center_2018_04_24_15_49_15_928.jpg,E:\Users\Matt\Documents\IMG\left_2018_04_24_15_49_15_928.jpg,E:\Users\Matt\Documents\IMG\right_2018_04_24_15_49_15_928.jpg,0.0024825765,1.0,0.0,40.0
E:\Users\Matt\Documents\IMG\center_2018_04_24_15_49_16_468.jpg,E:\Users\Matt\Documents\IMG\left_2018_04_24_15_49_16_468.jpg,E:\Users\Matt\Documents\IMG\right_2018_04_24_15_49_16_468.jpg,0.0,1.0,0.0,40.0
E:\Users\Matt\Documents\IMG\center_2018_04_24_15_49_16_979.jpg,E:\Users\Matt\Documents\IMG\left_2018_04_24_15_49_16_979.jpg,E:\Users\Matt\Documents\IMG\right_2018_04_24_15_49_16_979.jpg,0.0,1.0,0.0,40.0
E:\Users\Matt\Documents\IMG\center_2018_04_24_15_49_17_467.jpg,E:\Users\Matt\Documents\IMG\left_2018_04_24_15_49_17_467.jpg,E:\Users\Matt\Documents\IMG\right_2018_04_24_15_49_17_467.jpg,-0.11415805,1.0,0.0,40.0
E:\Users\Matt\Documents\IMG\center_2018_04_24_15_49_17_963.jpg,E:\Users\Matt\Documents\IMG\left_2018_04_24_15_49_17_963.jpg,E:\Users\Matt\Documents\IMG\right_2018_04_24_15_49_17_963.jpg,0.0,1.0,0.0,40.0
E:\Users\Matt\Documents\IMG\center_2018_04_24_15_49_18_410.jpg,E:\Users\Matt\Documents\IMG\left_2018_04_24_15_49_18_410.jpg,E:\Users\Matt\Documents\IMG\right_2018_04_24_15_49_18_410.jpg,-0.08190483333333333,1.0,0.0,40.0
E:\Users\Matt\Documents\IMG\center_2018_04_24_15_49_18_839.jpg,E:\Users\Matt\Documents\IMG\left_2018_04_24_15_49_18_839.jpg,E:\Users\Matt\Documents\IMG\right_2018_04_24_15_49_18_839.jpg,-0.049222433333333336,1.0,0.0,40.0
E:\Users\Matt\Documents\IMG\center_2018_04_24_15_49_19_339.jpg,E:\Users\Matt\Documents\IMG\left_2018_04_24_15_49_19_339.jpg,E:\Users\Matt\Documents\IMG\right_2018_04_24_15_49_19_339.jpg,0.0,1.0,0.7453961666666666,40.0
E:\Users\Matt\Documents\IMG\center_2018_04_24_15_49_19_827.jpg,E:\Users\Matt\Documents\IMG\left_2018_04_24_15_49_19_827.jpg,E:\Users\Matt\Documents\IMG\right_2018_04_24_15_49_19_827.jpg,0.10701205000000001,1.0,0.42106125,40.0
E:\Users\Matt\Documents\IMG\center_2018_04_24_15_49_20_351.jpg,E:\Users\Matt\Documents\IMG\left_2018_04_24_15_49_20_351.jpg,E:\Users\Matt\Documents\IMG\right_2018_04_24_15_49_20_351.jpg,-0.2027274166666667,1.0,0.18580433333333332,40.0
E:\Users\Matt\Documents\IMG\center_2018_04_24_15_49_20_862.jpg,E:\Users\Matt\Documents\IMG\left_2018_04_24_15_49_20_862.jpg,E:\Users\Matt\Documents\IMG\right_2018_04_24_15_49_20_862.jpg,0.0,1.0,0.0,40.0
E:\Users\Matt\Documents\IMG\center_2018_04_24_15_49_21_403.jpg,E:\Users\Matt\Documents\IMG\left_2018_04_24_15_49_21_403.jpg,E:\Users\Matt\Documents\IMG\right_2018_04_24_15_49_21_403.jpg,-0.05381911833333333,1.0,0.196634485,40.0
E:\Users\Matt\Documents\IMG\center_2018_04_24_15_49_21_947.jpg,E:\Users\Matt\Documents\IMG\left_2018_04_24_15_49_21_947.jpg,E:\Users\Matt\Documents\IMG\right_2018_04_24_15_49_21_947.jpg,-0.04869732000000001,1.0,0.30826395,40.0
E:\Users\Matt\Documents\IMG\center_2018_04_24_15_49_22_481.jpg,E:\Users\Matt\Documents\IMG\left_2018_04_24_15_49_22_481.jpg,E:\Users\Matt\Documents\IMG\right_2018_04_24_15_49_22_481.jpg,-0.19883858500000004,1.0,0.2823675666666667,40.0
E:\Users\Matt\Documents\IMG\center_2018_04_24_15_49_22_973.jpg,E:\Users\Matt\Documents\IMG\left_2018_04_24_15_49_22_973.jpg,E:\Users\Matt\Documents\IMG\right_2018_04_24_15_49_22_973.jpg,0.0,1.0,0.23876506666666666,40.0
E:\Users\Matt\Documents\IMG\center_2018_04_24_15_49_23_480.jpg,E:\Users\Matt\Documents\IMG\left_2018_04_24_15_49_23_480.jpg,E:\Users\Matt\Documents\IMG\right_2018_04_24_15_49_23_480.jpg,0.0,1.0,1.0,40.0
E:\Users\Matt\Documents\IMG\center_2018_04_24_15_49_24_003.jpg,E:\Users\Matt\Documents\IMG\left_2018_04_24_15_49_24_003.jpg,E:\Users\Matt\Documents\IMG\right_2018_04_24_15_49_24_003.jpg,-0.05497030833333333,1.0,0.4754830666666667,40.0
E:\Users\Matt\Documents\IMG\center_2018_04_24_15_49_24_520.jpg,E:\Users\Matt\Documents\IMG\left_2018_04_24_15_49_24_520.jpg,E:\Users\Matt\Documents\IMG\right_2018_04_24_15_49_24_520.jpg,-0.12483743333333334,1.0,0.7654464000000001,40.0
E:\Users\Matt\Documents\IMG\center_2018_04_24_15_49_25_026.jpg,E:\Users\Matt\Documents\IMG\left_2018_04_24_15_49_25_026.jpg,E:\Users\Matt\Documents\IMG\right_2018_04_24_15_49_25_026.jpg,0.0,1.0,0.0,40.0
E:\Users\Matt\Documents\IMG\center_2018_04_24_15_49_25_560.jpg,E:\Users\Matt\Documents\IMG\left_2018_04_24_15_49_25_560.jpg,E:\Users\Matt\Documents\IMG\right_2018_04_24_15_49_25_560.jpg,0.0,1.0,0.0,40.0
E:\Users\Matt\Documents\IMG\center_2018_04_24_15_49_26_069.jpg,E:\Users\Matt\Documents\IMG\left_2018_04_24_15_49_26_069.jpg,E:\Users\Matt\Documents\IMG\right_2018_04_24_15_49_26_069.jpg,0.0,1.0,0.0,40.0
E:\Users\Matt\Documents\IMG\center_2018_04_24_15_49_26_614.jpg,E:\Users\Matt\Documents\IMG\left_2018_04_24_15_49_26_614.jpg,E:\Users\Matt\Documents\IMG\right_2018_04_24_15_49_26_614.jpg,0.0,1.0,0.0,40.0
